{
  "label": "breadboard",
  "timestamp": "2026-06-28T23:12:10.264393",
  "sample_rate_hz": 85,
  "sensors": {
    "s1": {
      "accel": {
        "std_xyz": [
          0.14175522327423096,
          0.13041365146636963,
          0.13065989315509796
        ],
        "std_norm": 0.2327536642551422,
        "mean_xyz": [
          4.076340198516846,
          -2.1562767028808594,
          11.459314346313477
        ],
        "ptp_xyz": [
          1.0035130977630615,
          0.8310718536376953,
          0.9460325241088867
        ],
        "mean_norm": 12.35240650177002
      },
      "gyro": {
        "std_xyz_dps": [
          2.8918802738189697,
          2.649733781814575,
          0.9607813954353333
        ],
        "std_norm_dps": 4.038213169873462,
        "mean_xyz_dps": [
          -1.9941052198410034,
          -1.6669714450836182,
          -1.1764228343963623
        ],
        "ptp_xyz_dps": [
          19.11585235595703,
          21.036584854125977,
          5.945121765136719
        ],
        "std_xyz_rads": [
          0.05047283694148064,
          0.04624658077955246,
          0.0167688000947237
        ]
      },
      "n_samples": 300
    },
    "s2": {
      "accel": {
        "std_xyz": [
          0.14021706581115723,
          0.08344195783138275,
          0.07785683870315552
        ],
        "std_norm": 0.18079012632369995,
        "mean_xyz": [
          0.35827887058258057,
          -6.246728897094727,
          5.358275413513184
        ],
        "ptp_xyz": [
          0.7664062976837158,
          0.548459529876709,
          0.43828868865966797
        ],
        "mean_norm": 8.237784385681152
      },
      "gyro": {
        "std_xyz_dps": [
          2.068700075149536,
          2.635314464569092,
          1.1899701356887817
        ],
        "std_norm_dps": 3.555338645790836,
        "mean_xyz_dps": [
          5.6774373054504395,
          4.035061836242676,
          -0.6749998927116394
        ],
        "ptp_xyz_dps": [
          14.268291473388672,
          21.859756469726562,
          7.621951103210449
        ],
        "std_xyz_rads": [
          0.03610562905669212,
          0.04599491506814957,
          0.020768897607922554
        ]
      },
      "n_samples": 300
    },
    "s3": {
      "accel": {
        "std_xyz": [
          0.2469053566455841,
          0.14235621690750122,
          0.18816883862018585
        ],
        "std_norm": 0.341518759727478,
        "mean_xyz": [
          2.176243305206299,
          3.7551984786987305,
          7.970942974090576
        ],
        "ptp_xyz": [
          1.4226417541503906,
          0.7424559593200684,
          1.0250682830810547
        ],
        "mean_norm": 9.075984001159668
      },
      "gyro": {
        "std_xyz_dps": [
          2.325892686843872,
          2.5876057147979736,
          2.795912504196167
        ],
        "std_norm_dps": 4.463475261750442,
        "mean_xyz_dps": [
          -1.294512391090393,
          -0.6477640271186829,
          0.07916665822267532
        ],
        "ptp_xyz_dps": [
          16.219511032104492,
          18.841461181640625,
          21.46341323852539
        ],
        "std_xyz_rads": [
          0.04059448838233948,
          0.04516224190592766,
          0.048797883093357086
        ]
      },
      "n_samples": 300,
      "mag": {
        "std_xyz": [
          2.3365020751953125e-05,
          1.71661376953125e-05,
          0.000141143798828125
        ],
        "mean_xyz": [
          -7.800023555755615,
          30.89998435974121,
          54.299861907958984
        ],
        "mean_norm": 62.9612922668457
      }
    },
    "waveform_s3_az": [
      7.630532741546631,
      7.812553882598877,
      8.095166206359863,
      7.994575500488281,
      8.24844741821289,
      8.277188301086426,
      8.061635971069336,
      8.047266006469727,
      8.114326477050781,
      7.994575500488281,
      7.917934894561768,
      8.076005935668945,
      8.090375900268555,
      7.994575500488281,
      7.917934894561768,
      7.812553882598877,
      8.052056312561035,
      7.989785671234131,
      7.702383041381836,
      7.807764053344727,
      7.822134017944336,
      7.788603782653809,
      7.961045265197754,
      8.071216583251953,
      8.037686347961426,
      8.066426277160645,
      8.004155158996582,
      8.056845664978027,
      8.076005935668945,
      7.788603782653809,
      7.989785671234131,
      8.004155158996582,
      7.932304859161377,
      8.190967559814453,
      8.11911678314209,
      7.812553882598877,
      7.855664253234863,
      7.893984794616699,
      7.6975932121276855,
      7.9562554359436035,
      8.037686347961426,
      7.850874423980713,
      7.975415229797363,
      8.056845664978027,
      7.812553882598877,
      7.8365044593811035,
      8.004155158996582,
      7.9466753005981445,
      8.181386947631836,
      8.018526077270508,
      7.850874423980713,
      8.00894546508789,
      7.8173441886901855,
      8.018526077270508,
      7.89877462387085,
      7.77902364730835,
      8.099956512451172,
      7.8365044593811035,
      8.162226676940918,
      7.5970025062561035,
      8.109536170959473,
      7.980205535888672,
      7.711963176727295,
      8.157437324523926,
      8.291558265686035,
      7.65927267074585,
      7.9370951652526855,
      8.190967559814453,
      7.64490270614624,
      7.927515029907227,
      8.071216583251953,
      7.903564929962158,
      8.052056312561035,
      8.210126876831055,
      7.731123447418213,
      7.9370951652526855,
      8.052056312561035,
      7.9466753005981445,
      8.109536170959473,
      7.970625400543213,
      7.76465368270874,
      8.176596641540527,
      8.028105735778809,
      7.793394088745117,
      7.89877462387085,
      8.1334867477417,
      7.874824523925781,
      7.932304859161377,
      8.181386947631836,
      8.0233154296875,
      7.582632064819336,
      8.032896041870117,
      8.210126876831055,
      8.0137357711792,
      8.296347618103027,
      8.267607688903809,
      7.769443511962891,
      7.893984794616699,
      8.090375900268555,
      7.77902364730835
    ],