{
  "label": "breadboard",
  "timestamp": "2026-06-28T22:39:30.471405",
  "sample_rate_hz": 85,
  "sensors": {
    "s1": {
      "accel": {
        "std_xyz": [
          1.3353489637374878,
          0.6178072690963745,
          0.9719091057777405
        ],
        "std_norm": 1.763363242149353,
        "mean_xyz": [
          2.3306891918182373,
          -5.513942241668701,
          10.378653526306152
        ],
        "ptp_xyz": [
          6.847361087799072,
          9.069938659667969,
          12.267290115356445
        ],
        "mean_norm": 11.981324195861816
      },
      "gyro": {
        "std_xyz_dps": [
          19.79848289489746,
          24.102128982543945,
          7.845534801483154
        ],
        "std_norm_dps": 32.16279048079435,
        "mean_xyz_dps": [
          -4.8606791496276855,
          6.476420879364014,
          -1.2424792051315308
        ],
        "ptp_xyz_dps": [
          147.46951293945312,
          191.21951293945312,
          60.24390411376953
        ],
        "std_xyz_rads": [
          0.34554874897003174,
          0.4206615388393402,
          0.1369304209947586
        ]
      },
      "n_samples": 300
    },
    "s2": {
      "accel": {
        "std_xyz": [
          1.4705166816711426,
          0.5326181650161743,
          0.7175946831703186
        ],
        "std_norm": 1.7207683324813843,
        "mean_xyz": [
          0.0864599198102951,
          -6.428455829620361,
          5.098410129547119
        ],
        "ptp_xyz": [
          7.783813953399658,
          4.878655433654785,
          7.290439605712891
        ],
        "mean_norm": 8.205260276794434
      },
      "gyro": {
        "std_xyz_dps": [
          26.707780838012695,
          22.420183181762695,
          10.353227615356445
        ],
        "std_norm_dps": 36.375261840075524,
        "mean_xyz_dps": [
          1.942581295967102,
          12.129876136779785,
          -2.0258097648620605
        ],
        "ptp_xyz_dps": [
          237.01219177246094,
          166.40243530273438,
          106.98169708251953
        ],
        "std_xyz_rads": [
          0.46613872051239014,
          0.3913060426712036,
          0.18069791793823242
        ]
      },
      "n_samples": 300
    },
    "s3": {
      "accel": {
        "std_xyz": [
          1.034392237663269,
          1.4411262273788452,
          1.2297385931015015
        ],
        "std_norm": 2.1584877967834473,
        "mean_xyz": [
          6.816000461578369,
          6.305274963378906,
          -3.454144239425659
        ],
        "ptp_xyz": [
          16.5064754486084,
          21.306095123291016,
          14.863492012023926
        ],
        "mean_norm": 9.906839370727539
      },
      "gyro": {
        "std_xyz_dps": [
          25.46381378173828,
          34.709930419921875,
          29.06574249267578
        ],
        "std_norm_dps": 51.942301147288426,
        "mean_xyz_dps": [
          -4.460160732269287,
          -1.9374991655349731,
          -1.6103659868240356
        ],
        "ptp_xyz_dps": [
          203.0487823486328,
          337.4389953613281,
          227.77438354492188
        ],
        "std_xyz_rads": [
          0.44442740082740784,
          0.605802595615387,
          0.5072929263114929
        ]
      },
      "n_samples": 300,
      "mag": {
        "std_xyz": [
          2.3365020751953125e-05,
          1.71661376953125e-05,
          0.000141143798828125
        ],
        "mean_xyz": [
          -7.800023555755615,
          30.89998435974121,
          54.299861907958984
        ],
        "mean_norm": 62.9612922668457
      }
    },
    "waveform_s3_az": [
      -1.91122567653656,
      -0.5843847990036011,
      -1.580712914466858,
      -2.4572901725769043,
      -2.553090810775757,
      -2.6393115520477295,
      -3.0704152584075928,
      -3.5494191646575928,
      -3.2476465702056885,
      -3.084785223007202,
      -3.1662158966064453,
      -2.442919969558716,
      -2.1219873428344727,
      -2.3279590606689453,
      -2.6776318550109863,
      -2.3806495666503906,
      -1.925595760345459,
      -1.2549903392791748,
      -0.6993457078933716,
      -0.670605480670929,
      -1.0969189405441284,
      -1.6046631336212158,
      -1.935175895690918,
      -1.8489551544189453,
      -1.7148340940475464,
      -1.781894564628601,
      -1.805844783782959,
      -1.8633252382278442,
      -2.524350643157959,
      -3.094365358352661,
      -3.6068994998931885,
      -4.138594150543213,
      -4.176914215087891,
      -3.8272414207458496,
      -3.353027582168579,
      -2.735112428665161,
      -2.313588857650757,
      -1.8393750190734863,
      -1.4082715511322021,
      -1.3172607421875,
      -0.7855664491653442,
      -0.6945556998252869,
      -0.847836971282959,
      -1.1448193788528442,
      -0.41673341393470764,
      -0.10538086295127869,
      -0.7232959270477295,
      -1.197509765625,
      -1.101709008216858,
      -1.5232324600219727,
      -1.31247079372406,
      -0.8717871308326721,
      -0.6801855564117432,
      -0.7711963057518005,
      -6.682104587554932,
      5.173242568969727,
      -7.414980888366699,
      -4.550537109375,
      -2.7207422256469727,
      -5.36963415145874,
      -4.239184856414795,
      -4.584067344665527,
      -2.2513184547424316,
      -5.86300802230835,
      -4.507426738739014,
      -2.064507007598877,
      -9.6902494430542,
      -5.436694622039795,
      -2.5483009815216064,
      -6.92639684677124,
      -6.725214958190918,
      -0.03353027626872063,
      -7.017407417297363,
      -6.6198344230651855,
      -3.0081446170806885,
      -1.8106348514556885,
      -5.154082298278809,
      -4.588857650756836,
      -4.761299133300781,
      -5.197192668914795,
      -5.446274757385254,
      -4.804409503936768,
      -3.9469923973083496,
      0.65623539686203,
      -2.4285500049591064,
      -4.478686809539795,
      -3.242856502532959,
      -3.731440544128418,
      -3.7841310501098633,
      -3.4057178497314453,
      -3.391347885131836,
      -3.5877394676208496,
      -3.7458107471466064,
      -3.58294939994812,
      -3.803291082382202,
      -3.7841310501098633,
      -3.602109432220459,
      -3.70270037651062,
      -3.7170705795288086,
      -3.750600814819336
    ],