{
  "label": "breadboard",
  "timestamp": "2026-06-28T22:55:58.712055",
  "sample_rate_hz": 85,
  "sensors": {
    "s1": {
      "accel": {
        "std_xyz": [
          1.1155987977981567,
          0.9443138837814331,
          0.7166804671287537
        ],
        "std_norm": 1.6278575658798218,
        "mean_xyz": [
          4.836951732635498,
          -2.7662642002105713,
          10.800313949584961
        ],
        "ptp_xyz": [
          5.6402716636657715,
          5.42950963973999,
          4.919370174407959
        ],
        "mean_norm": 12.152987480163574
      },
      "gyro": {
        "std_xyz_dps": [
          25.0003719329834,
          32.0535888671875,
          8.497862815856934
        ],
        "std_norm_dps": 41.52908353114619,
        "mean_xyz_dps": [
          -1.5031503438949585,
          -0.9772336483001709,
          -3.549391508102417
        ],
        "ptp_xyz_dps": [
          151.0670623779297,
          209.51219177246094,
          52.95731735229492
        ],
        "std_xyz_rads": [
          0.4363388121128082,
          0.5594406723976135,
          0.1483156979084015
        ]
      },
      "n_samples": 300
    },
    "s2": {
      "accel": {
        "std_xyz": [
          1.1592463254928589,
          0.769862949848175,
          0.5166395306587219
        ],
        "std_norm": 1.4844046831130981,
        "mean_xyz": [
          1.4674609899520874,
          -6.928244590759277,
          4.738331317901611
        ],
        "ptp_xyz": [
          6.2007060050964355,
          4.586462497711182,
          3.53265380859375
        ],
        "mean_norm": 8.520903587341309
      },
      "gyro": {
        "std_xyz_dps": [
          28.165922164916992,
          33.20197296142578,
          9.307519912719727
        ],
        "std_norm_dps": 44.52325746326678,
        "mean_xyz_dps": [
          7.181299686431885,
          4.83750057220459,
          -2.4989824295043945
        ],
        "ptp_xyz_dps": [
          175.30487060546875,
          195.88412475585938,
          56.280487060546875
        ],
        "std_xyz_rads": [
          0.49158811569213867,
          0.5794838070869446,
          0.16244687139987946
        ]
      },
      "n_samples": 300
    },
    "s3": {
      "accel": {
        "std_xyz": [
          1.663063406944275,
          1.1790454387664795,
          1.1588571071624756
        ],
        "std_norm": 2.344968557357788,
        "mean_xyz": [
          1.0754436254501343,
          1.6220669746398926,
          8.704842567443848
        ],
        "ptp_xyz": [
          12.540323257446289,
          15.931671142578125,
          16.01789093017578
        ],
        "mean_norm": 8.919751167297363
      },
      "gyro": {
        "std_xyz_dps": [
          14.905843734741211,
          39.69304656982422,
          17.03070831298828
        ],
        "std_norm_dps": 45.69209407555272,
        "mean_xyz_dps": [
          0.46341463923454285,
          2.2283527851104736,
          -1.87530517578125
        ],
        "ptp_xyz_dps": [
          130.5792694091797,
          312.1341247558594,
          119.23780059814453
        ],
        "std_xyz_rads": [
          0.2601560652256012,
          0.6927744150161743,
          0.2972419559955597
        ]
      },
      "n_samples": 300,
      "mag": {
        "std_xyz": [
          2.3365020751953125e-05,
          1.71661376953125e-05,
          0.000141143798828125
        ],
        "mean_xyz": [
          -7.800023555755615,
          30.89998435974121,
          54.299861907958984
        ],
        "mean_norm": 62.9612922668457
      }
    },
    "waveform_s3_az": [
      8.746611595153809,
      8.310718536376953,
      9.048383712768555,
      8.195756912231445,
      7.319180011749268,
      6.993457317352295,
      8.387358665466309,
      8.885522842407227,
      8.047266006469727,
      7.721543312072754,
      7.223379135131836,
      7.994575500488281,
      8.147856712341309,
      9.345366477966309,
      8.7418212890625,
      8.713081359863281,
      9.029224395751953,
      8.737031936645508,
      9.024434089660645,
      9.30225658416748,
      10.241104125976562,
      8.82325267791748,
      8.10474681854248,
      8.277188301086426,
      8.636441230773926,
      9.604028701782227,
      9.014853477478027,
      8.535849571228027,
      8.459209442138672,
      8.976533889770508,
      8.162226676940918,
      9.014853477478027,
      9.599238395690918,
      8.679551124572754,
      8.799302101135254,
      8.856782913208008,
      8.713081359863281,
      9.283096313476562,
      8.885522842407227,
      8.962163925170898,
      9.886641502380371,
      9.398056983947754,
      8.641230583190918,
      2.2417383193969727,
      8.938213348388672,
      8.157437324523926,
      10.226734161376953,
      7.563471794128418,
      7.395820617675781,
      18.25963020324707,
      7.893984794616699,
      5.824687957763672,
      6.715634822845459,
      9.014853477478027,
      7.601792335510254,
      5.436694622039795,
      6.059399604797363,
      7.438930988311768,
      8.559800148010254,
      7.975415229797363,
      9.225615501403809,
      10.02076244354248,
      6.466553211212158,
      9.604028701782227,
      8.258028030395508,
      6.538403511047363,
      3.5158889293670654,
      6.7491655349731445,
      16.171173095703125,
      13.536650657653809,
      7.922724723815918,
      8.947793006896973,
      9.637558937072754,
      8.320298194885254,
      8.281977653503418,
      9.096284866333008,
      9.43637752532959,
      9.623188972473145,
      8.804092407226562,
      7.9562554359436035,
      8.2532377243042,
      8.71787166595459,
      9.335786819458008,
      8.334668159484863,
      8.454419136047363,
      9.019643783569336,
      9.752519607543945,
      8.674760818481445,
      7.6975932121276855,
      6.121670246124268,
      9.968071937561035,
      8.511899948120117,
      10.332115173339844,
      10.691368103027344,
      8.550220489501953,
      9.235196113586426,
      9.948911666870117,
      10.322534561157227,
      9.474698066711426,
      7.381450653076172
    ],