{
  "label": "breadboard",
  "timestamp": "2026-06-22T01:31:05.824396",
  "sample_rate_hz": 85,
  "sensors": {
    "s1": {
      "accel": {
        "std_xyz": [
          0.0,
          0.0,
          0.0
        ],
        "std_norm": 0.0,
        "mean_xyz": [
          0.0,
          0.0,
          0.0
        ],
        "ptp_xyz": [
          0.0,
          0.0,
          0.0
        ],
        "mean_norm": 0.0
      },
      "gyro": {
        "std_xyz_dps": [
          0.0,
          0.0,
          0.0
        ],
        "std_norm_dps": 0.0,
        "mean_xyz_dps": [
          0.0,
          0.0,
          0.0
        ],
        "ptp_xyz_dps": [
          0.0,
          0.0,
          0.0
        ],
        "std_xyz_rads": [
          0.0,
          0.0,
          0.0
        ]
      },
      "n_samples": 300
    },
    "s2": {
      "accel": {
        "std_xyz": [
          0.08505672961473465,
          0.07940661162137985,
          0.14041313529014587
        ],
        "std_norm": 0.18236202001571655,
        "mean_xyz": [
          0.15730488300323486,
          -4.449697971343994,
          6.242882251739502
        ],
        "ptp_xyz": [
          1.1975098848342896,
          1.197509527206421,
          2.052532196044922
        ],
        "mean_norm": 7.667994022369385
      },
      "gyro": {
        "std_xyz_dps": [
          0.5065487623214722,
          0.4209493398666382,
          0.25744345784187317
        ],
        "std_norm_dps": 0.7071542975680143,
        "mean_xyz_dps": [
          5.500903606414795,
          4.627133369445801,
          -0.4749999940395355
        ],
        "ptp_xyz_dps": [
          6.432926654815674,
          5.945121765136719,
          3.353658437728882
        ],
        "std_xyz_rads": [
          0.008840944617986679,
          0.007346952334046364,
          0.00449323607608676
        ]
      },
      "n_samples": 300
    },
    "s3": {
      "accel": {
        "std_xyz": [
          0.17482830584049225,
          0.15511532127857208,
          0.12714655697345734
        ],
        "std_norm": 0.2660675644874573,
        "mean_xyz": [
          5.625260829925537,
          3.585871696472168,
          6.5149970054626465
        ],
        "ptp_xyz": [
          2.6105713844299316,
          2.3471193313598633,
          1.5807132720947266
        ],
        "mean_norm": 9.324549674987793
      },
      "gyro": {
        "std_xyz_dps": [
          0.9355413913726807,
          2.682713031768799,
          2.457144260406494
        ],
        "std_norm_dps": 3.7562941236734235,
        "mean_xyz_dps": [
          -1.2033532857894897,
          0.09258127957582474,
          -0.4233741760253906
        ],
        "ptp_xyz_dps": [
          5.304877758026123,
          34.725608825683594,
          25.97560691833496
        ],
        "std_xyz_rads": [
          0.016328278928995132,
          0.04682217910885811,
          0.04288525879383087
        ]
      },
      "n_samples": 300,
      "mag": {
        "std_xyz": [
          3.814697265625e-05,
          0.0,
          0.0001068115234375
        ],
        "mean_xyz": [
          -67.19996643066406,
          69.75,
          56.549896240234375
        ],
        "mean_norm": 112.15519714355469
      }
    },
    "waveform_s3_az": [
      6.557563781738281,
      6.428232669830322,
      6.519243240356445,
      6.418652534484863,
      6.46176290512085,
      6.571933746337891,
      6.538403511047363,
      6.428232669830322,
      6.423442840576172,
      6.332431793212891,
      6.538403511047363,
      6.495293140411377,
      6.528823375701904,
      6.5000834465026855,
      6.5096635818481445,
      6.533613681793213,
      6.413862705230713,
      6.34201192855835,
      6.361172199249268,
      6.452182769775391,
      6.480923175811768,
      6.557563781738281,
      6.5000834465026855,
      6.547983646392822,
      6.495293140411377,
      6.471343040466309,
      6.524033546447754,
      6.538403511047363,
      6.667734622955322,
      6.610254287719727,
      6.595883846282959,
      6.514453411102295,
      6.562353610992432,
      6.528823375701904,
      6.528823375701904,
      6.471343040466309,
      6.533613681793213,
      6.543193817138672,
      6.562353610992432,
      6.485713005065918,
      6.480923175811768,
      6.351592063903809,
      6.5096635818481445,
      6.504873275756836,
      6.591094017028809,
      6.624624252319336,
      6.485713005065918,
      6.365962028503418,
      6.452182769775391,
      6.485713005065918,
      6.615044116973877,
      6.538403511047363,
      6.466553211212158,
      6.423442840576172,
      6.744375228881836,
      6.576724052429199,
      6.6198344230651855,
      6.504873275756836,
      6.528823375701904,
      6.46176290512085,
      6.456973075866699,
      6.576724052429199,
      6.538403511047363,
      6.433022499084473,
      6.490503311157227,
      6.547983646392822,
      6.485713005065918,
      6.504873275756836,
      6.524033546447754,
      6.514453411102295,
      6.375542163848877,
      6.638994216918945,
      6.605463981628418,
      6.519243240356445,
      6.586304187774658,
      6.524033546447754,
      6.571933746337891,
      6.504873275756836,
      6.753955364227295,
      6.959927082061768,
      6.399492263793945,
      6.480923175811768,
      6.524033546447754,
      6.423442840576172,
      6.547983646392822,
      6.428232669830322,
      6.528823375701904,
      6.562353610992432,
      6.437812805175781,
      6.519243240356445,
      6.452182769775391,
      6.514453411102295,
      6.437812805175781,
      6.533613681793213,
      6.452182769775391,
      6.658154487609863,
      6.437812805175781,
      6.437812805175781,
      6.5000834465026855,
      6.557563781738281
    ],