{
  "label": "breadboard",
  "timestamp": "2026-06-28T22:59:30.545737",
  "sample_rate_hz": 85,
  "sensors": {
    "s1": {
      "accel": {
        "std_xyz": [
          0.1189645454287529,
          0.14206033945083618,
          0.12571868300437927
        ],
        "std_norm": 0.223917156457901,
        "mean_xyz": [
          3.5345239639282227,
          -1.968864917755127,
          11.728074073791504
        ],
        "ptp_xyz": [
          0.7735915184020996,
          0.9172924757003784,
          0.7352714538574219
        ],
        "mean_norm": 12.406329154968262
      },
      "gyro": {
        "std_xyz_dps": [
          2.599844217300415,
          2.6094324588775635,
          1.5319321155548096
        ],
        "std_norm_dps": 3.9893790248551633,
        "mean_xyz_dps": [
          -2.1441056728363037,
          -1.5277438163757324,
          -1.0158536434173584
        ],
        "ptp_xyz_dps": [
          19.969511032104492,
          14.664633750915527,
          9.481707572937012
        ],
        "std_xyz_rads": [
          0.04537584260106087,
          0.04554319009184837,
          0.026737261563539505
        ]
      },
      "n_samples": 300
    },
    "s2": {
      "accel": {
        "std_xyz": [
          0.11868458241224289,
          0.1812600940465927,
          0.15172716975212097
        ],
        "std_norm": 0.2645040452480316,
        "mean_xyz": [
          0.022593023255467415,
          -5.076284408569336,
          5.9415483474731445
        ],
        "ptp_xyz": [
          0.8190966844558716,
          0.9580078125,
          1.0394387245178223
        ],
        "mean_norm": 7.814804553985596
      },
      "gyro": {
        "std_xyz_dps": [
          2.808828115463257,
          2.1311769485473633,
          1.5316020250320435
        ],
        "std_norm_dps": 3.844117122908271,
        "mean_xyz_dps": [
          5.142987251281738,
          4.203861236572266,
          -0.4620935916900635
        ],
        "ptp_xyz_dps": [
          17.80487823486328,
          13.018292427062988,
          10.518292427062988
        ],
        "std_xyz_rads": [
          0.04902330040931702,
          0.03719605505466461,
          0.026731500402092934
        ]
      },
      "n_samples": 300
    },
    "s3": {
      "accel": {
        "std_xyz": [
          0.2078382521867752,
          0.14689257740974426,
          0.21108025312423706
        ],
        "std_norm": 0.3306494355201721,
        "mean_xyz": [
          1.7942208051681519,
          3.8798046112060547,
          7.9922943115234375
        ],
        "ptp_xyz": [
          1.4034814834594727,
          0.8861572742462158,
          1.168769359588623
        ],
        "mean_norm": 9.06360149383545
      },
      "gyro": {
        "std_xyz_dps": [
          2.5883193016052246,
          2.200497627258301,
          2.555393695831299
        ],
        "std_norm_dps": 4.2510734540359705,
        "mean_xyz_dps": [
          -0.9961385130882263,
          -0.19908547401428223,
          -0.38495928049087524
        ],
        "ptp_xyz_dps": [
          15.731707572937012,
          12.92682933807373,
          16.463415145874023
        ],
        "std_xyz_rads": [
          0.045174695551395416,
          0.03840593248605728,
          0.04460003599524498
        ]
      },
      "n_samples": 300,
      "mag": {
        "std_xyz": [
          2.3365020751953125e-05,
          1.71661376953125e-05,
          0.000141143798828125
        ],
        "mean_xyz": [
          -7.800023555755615,
          30.89998435974121,
          54.299861907958984
        ],
        "mean_norm": 62.9612922668457
      }
    },
    "waveform_s3_az": [
      7.9562554359436035,
      8.018526077270508,
      8.109536170959473,
      8.310718536376953,
      8.535849571228027,
      8.588540077209473,
      8.578960418701172,
      8.430469512939453,
      8.34424877166748,
      8.411309242248535,
      8.229287147521973,
      7.951465129852295,
      7.941884994506836,
      7.8173441886901855,
      7.846084117889404,
      7.793394088745117,
      8.219707489013672,
      8.11911678314209,
      7.841294288635254,
      7.8173441886901855,
      7.649692535400391,
      7.515571594238281,
      7.5778422355651855,
      7.649692535400391,
      7.99936580657959,
      7.984995365142822,
      8.028105735778809,
      8.028105735778809,
      8.114326477050781,
      8.210126876831055,
      8.23886775970459,
      8.200547218322754,
      8.114326477050781,
      8.200547218322754,
      8.061635971069336,
      7.951465129852295,
      8.11911678314209,
      8.071216583251953,
      8.0137357711792,
      8.190967559814453,
      8.085586547851562,
      8.037686347961426,
      8.099956512451172,
      7.865244388580322,
      8.037686347961426,
      8.004155158996582,
      8.028105735778809,
      7.932304859161377,
      7.917934894561768,
      7.788603782653809,
      7.793394088745117,
      7.989785671234131,
      8.123906135559082,
      8.1334867477417,
      8.042475700378418,
      8.195756912231445,
      7.9562554359436035,
      7.961045265197754,
      8.004155158996582,
      8.056845664978027,
      8.042475700378418,
      8.325088500976562,
      8.11911678314209,
      8.267607688903809,
      8.052056312561035,
      7.870034694671631,
      8.004155158996582,
      8.061635971069336,
      7.802973747253418,
      7.870034694671631,
      7.793394088745117,
      7.846084117889404,
      8.00894546508789,
      7.961045265197754,
      8.243657112121582,
      8.205337524414062,
      8.076005935668945,
      7.812553882598877,
      7.980205535888672,
      7.9466753005981445,
      8.061635971069336,
      8.1334867477417,
      8.099956512451172,
      8.10474681854248,
      8.099956512451172,
      8.032896041870117,
      8.037686347961426,
      7.970625400543213,
      7.893984794616699,
      7.965835094451904,
      7.9370951652526855,
      7.908354759216309,
      8.11911678314209,
      7.951465129852295,
      7.89877462387085,
      8.004155158996582,
      7.989785671234131,
      7.994575500488281,
      8.123906135559082,
      8.109536170959473
    ],