{
  "label": "breadboard",
  "timestamp": "2026-06-24T19:58:45.592075",
  "sample_rate_hz": 85,
  "sensors": {
    "s1": {
      "accel": {
        "std_xyz": [
          0.1650821417570114,
          0.11739664524793625,
          0.12069955468177795
        ],
        "std_norm": 0.23580175638198853,
        "mean_xyz": [
          0.05960404872894287,
          0.6169647574424744,
          12.42946720123291
        ],
        "ptp_xyz": [
          0.9196875095367432,
          0.7616162300109863,
          0.6370744705200195
        ],
        "mean_norm": 12.444912910461426
      },
      "gyro": {
        "std_xyz_dps": [
          2.2296206951141357,
          3.343330144882202,
          1.288461446762085
        ],
        "std_norm_dps": 4.220094704168554,
        "mean_xyz_dps": [
          -1.9187999963760376,
          -0.815853476524353,
          -0.8933943510055542
        ],
        "ptp_xyz_dps": [
          12.987804412841797,
          16.585365295410156,
          7.317072868347168
        ],
        "std_xyz_rads": [
          0.03891422599554062,
          0.05835212394595146,
          0.02248789556324482
        ]
      },
      "n_samples": 300
    },
    "s2": {
      "accel": {
        "std_xyz": [
          0.1203165203332901,
          0.1126636266708374,
          0.11615632474422455
        ],
        "std_norm": 0.2016468495130539,
        "mean_xyz": [
          0.0835702121257782,
          -4.606165409088135,
          6.115882396697998
        ],
        "ptp_xyz": [
          0.6035449504852295,
          0.5364847183227539,
          0.7400612831115723
        ],
        "mean_norm": 7.656876564025879
      },
      "gyro": {
        "std_xyz_dps": [
          2.0598838329315186,
          2.10947585105896,
          0.937526524066925
        ],
        "std_norm_dps": 3.0938594758398628,
        "mean_xyz_dps": [
          5.533535480499268,
          4.745935440063477,
          -0.24186985194683075
        ],
        "ptp_xyz_dps": [
          11.859755516052246,
          10.609755516052246,
          5.54878044128418
        ],
        "std_xyz_rads": [
          0.035951755940914154,
          0.03681730106472969,
          0.016362925991415977
        ]
      },
      "n_samples": 300
    },
    "s3": {
      "accel": {
        "std_xyz": [
          0.18828894197940826,
          0.1759052574634552,
          0.22605597972869873
        ],
        "std_norm": 0.34277790784835815,
        "mean_xyz": [
          1.1857749223709106,
          3.0650336742401123,
          8.46267318725586
        ],
        "ptp_xyz": [
          1.106499195098877,
          0.8957371711730957,
          1.187929630279541
        ],
        "mean_norm": 9.078398704528809
      },
      "gyro": {
        "std_xyz_dps": [
          2.7071588039398193,
          2.4733264446258545,
          2.559015989303589
        ],
        "std_norm_dps": 4.471534031197411,
        "mean_xyz_dps": [
          -0.8344510197639465,
          0.15802836418151855,
          -0.24796739220619202
        ],
        "ptp_xyz_dps": [
          16.158536911010742,
          13.384145736694336,
          13.262194633483887
        ],
        "std_xyz_rads": [
          0.04724883660674095,
          0.04316769167780876,
          0.04466325789690018
        ]
      },
      "n_samples": 300,
      "mag": {
        "std_xyz": [
          0.0,
          0.000244140625,
          0.000164031982421875
        ],
        "mean_xyz": [
          -48.0,
          89.4002456665039,
          55.34983825683594
        ],
        "mean_norm": 115.58550262451172
      }
    },
    "waveform_s3_az": [
      8.780141830444336,
      8.258028030395508,
      8.559800148010254,
      8.669971466064453,
      8.425679206848145,
      8.569379806518555,
      8.880732536315918,
      8.952583312988281,
      8.708291053771973,
      8.468789100646973,
      8.531060218811035,
      8.497529983520508,
      8.425679206848145,
      8.24844741821289,
      8.2532377243042,
      8.406518936157227,
      8.545430183410645,
      8.3729887008667,
      8.497529983520508,
      8.47836971282959,
      8.58375072479248,
      8.411309242248535,
      8.47836971282959,
      8.411309242248535,
      8.516690254211426,
      8.483160018920898,
      8.947793006896973,
      8.842412948608398,
      8.6220703125,
      8.617280960083008,
      8.387358665466309,
      8.349038124084473,
      8.377779006958008,
      8.47836971282959,
      8.765771865844727,
      8.885522842407227,
      8.794511795043945,
      8.899892807006836,
      8.84720230102539,
      8.641230583190918,
      8.550220489501953,
      8.353828430175781,
      8.459209442138672,
      8.473579406738281,
      8.636441230773926,
      8.449628829956055,
      8.689130783081055,
      8.449628829956055,
      8.23886775970459,
      8.4927396774292,
      8.325088500976562,
      8.416098594665527,
      8.4927396774292,
      8.626860618591309,
      8.48794937133789,
      8.540639877319336,
      8.401728630065918,
      8.310718536376953,
      8.305928230285645,
      8.511899948120117,
      8.36819839477539,
      8.564590454101562,
      8.58375072479248,
      8.578960418701172,
      8.71787166595459,
      8.641230583190918,
      8.760981559753418,
      8.650811195373535,
      8.7418212890625,
      8.516690254211426,
      8.387358665466309,
      8.406518936157227,
      8.497529983520508,
      8.60770034790039,
      8.6124906539917,
      8.698711395263672,
      8.636441230773926,
      8.440049171447754,
      8.473579406738281,
      8.214917182922363,
      8.24844741821289,
      8.5023193359375,
      8.406518936157227,
      8.162226676940918,
      8.468789100646973,
      8.923843383789062,
      8.856782913208008,
      8.674760818481445,
      8.411309242248535,
      8.23886775970459,
      8.181386947631836,
      8.210126876831055,
      8.35861873626709,
      8.708291053771973,
      8.804092407226562,
      8.756192207336426,
      8.401728630065918,
      8.329877853393555,
      8.162226676940918,
      8.066426277160645
    ],