{
  "label": "breadboard",
  "timestamp": "2026-06-28T23:29:59.835395",
  "sample_rate_hz": 85,
  "sensors": {
    "s1": {
      "accel": {
        "std_xyz": [
          0.0716710239648819,
          0.07718360424041748,
          0.09388762712478638
        ],
        "std_norm": 0.1410990059375763,
        "mean_xyz": [
          3.2477660179138184,
          -1.9809765815734863,
          11.815678596496582
        ],
        "ptp_xyz": [
          0.45026373863220215,
          0.5053490400314331,
          0.7280864715576172
        ],
        "mean_norm": 12.41299819946289
      },
      "gyro": {
        "std_xyz_dps": [
          1.1152799129486084,
          1.2200722694396973,
          1.031420350074768
        ],
        "std_norm_dps": 1.9483976918844086,
        "mean_xyz_dps": [
          -2.04339337348938,
          -1.1781502962112427,
          -1.0203250646591187
        ],
        "ptp_xyz_dps": [
          7.439023971557617,
          6.707316875457764,
          7.5
        ],
        "std_xyz_rads": [
          0.019465306773781776,
          0.021294279024004936,
          0.018001681193709373
        ]
      },
      "n_samples": 300
    },
    "s2": {
      "accel": {
        "std_xyz": [
          0.07704031467437744,
          0.08551493287086487,
          0.09119889885187149
        ],
        "std_norm": 0.14685112237930298,
        "mean_xyz": [
          -0.16654165089130402,
          -5.797162055969238,
          5.582767486572266
        ],
        "ptp_xyz": [
          0.4143383800983429,
          0.4766092300415039,
          0.6538400650024414
        ],
        "mean_norm": 8.049976348876953
      },
      "gyro": {
        "std_xyz_dps": [
          1.3634923696517944,
          1.0206880569458008,
          0.7875131368637085
        ],
        "std_norm_dps": 1.87645744379078,
        "mean_xyz_dps": [
          5.581909656524658,
          4.475203514099121,
          -0.37886175513267517
        ],
        "ptp_xyz_dps": [
          9.02439022064209,
          5.914633750915527,
          5.091463088989258
        ],
        "std_xyz_rads": [
          0.023797431960701942,
          0.01781436800956726,
          0.013744697906076908
        ]
      },
      "n_samples": 300
    },
    "s3": {
      "accel": {
        "std_xyz": [
          0.17339254915714264,
          0.12437748908996582,
          0.163547083735466
        ],
        "std_norm": 0.2688538432121277,
        "mean_xyz": [
          1.9087347984313965,
          3.6022696495056152,
          8.120391845703125
        ],
        "ptp_xyz": [
          1.2502003908157349,
          0.6945557594299316,
          0.967587947845459
        ],
        "mean_norm": 9.086274147033691
      },
      "gyro": {
        "std_xyz_dps": [
          1.8906713724136353,
          1.926269292831421,
          2.1407244205474854
        ],
        "std_norm_dps": 3.4449751685213004,
        "mean_xyz_dps": [
          -1.1340446472167969,
          -0.06310980021953583,
          -0.3310975432395935
        ],
        "ptp_xyz_dps": [
          13.109755516052246,
          13.567072868347168,
          11.646341323852539
        ],
        "std_xyz_rads": [
          0.03299844264984131,
          0.03361974284052849,
          0.03736269101500511
        ]
      },
      "n_samples": 300,
      "mag": {
        "std_xyz": [
          2.3365020751953125e-05,
          1.71661376953125e-05,
          0.000141143798828125
        ],
        "mean_xyz": [
          -7.800023555755615,
          30.89998435974121,
          54.299861907958984
        ],
        "mean_norm": 62.9612922668457
      }
    },
    "waveform_s3_az": [
      8.473579406738281,
      8.258028030395508,
      8.190967559814453,
      8.286767959594727,
      8.425679206848145,
      8.147856712341309,
      8.052056312561035,
      8.0137357711792,
      8.095166206359863,
      8.14306640625,
      8.267607688903809,
      8.047266006469727,
      8.042475700378418,
      8.061635971069336,
      8.267607688903809,
      8.349038124084473,
      8.214917182922363,
      8.123906135559082,
      8.200547218322754,
      7.822134017944336,
      7.745493412017822,
      7.6975932121276855,
      7.750283718109131,
      7.5778422355651855,
      7.865244388580322,
      8.0137357711792,
      7.951465129852295,
      8.056845664978027,
      8.123906135559082,
      8.320298194885254,
      8.406518936157227,
      8.329877853393555,
      8.349038124084473,
      8.167016983032227,
      8.234077453613281,
      8.171807289123535,
      8.329877853393555,
      8.545430183410645,
      8.272397994995117,
      8.123906135559082,
      8.0233154296875,
      8.190967559814453,
      8.310718536376953,
      8.277188301086426,
      8.004155158996582,
      7.893984794616699,
      7.9562554359436035,
      8.34424877166748,
      8.138277053833008,
      8.066426277160645,
      7.88440465927124,
      7.9466753005981445,
      7.745493412017822,
      7.8173441886901855,
      8.0137357711792,
      7.961045265197754,
      7.9370951652526855,
      7.846084117889404,
      8.028105735778809,
      8.176596641540527,
      8.10474681854248,
      7.994575500488281,
      8.176596641540527,
      8.325088500976562,
      8.10474681854248,
      8.11911678314209,
      8.090375900268555,
      8.066426277160645,
      7.975415229797363,
      8.004155158996582,
      7.984995365142822,
      7.917934894561768,
      7.913145065307617,
      7.8269243240356445,
      7.9370951652526855,
      8.095166206359863,
      8.205337524414062,
      8.109536170959473,
      7.994575500488281,
      8.056845664978027,
      8.109536170959473,
      8.047266006469727,
      7.9370951652526855,
      8.018526077270508,
      7.908354759216309,
      8.14306640625,
      8.214917182922363,
      8.22449779510498,
      8.35861873626709,
      8.162226676940918,
      8.200547218322754,
      8.214917182922363,
      8.162226676940918,
      8.061635971069336,
      7.649692535400391,
      7.582632064819336,
      7.678432941436768,
      8.032896041870117,
      8.123906135559082,
      8.109536170959473
    ],