{
  "label": "breadboard",
  "timestamp": "2026-06-28T23:53:52.496152",
  "sample_rate_hz": 85,
  "sensors": {
    "s1": {
      "accel": {
        "std_xyz": [
          0.0,
          0.0,
          0.0
        ],
        "std_norm": 0.0,
        "mean_xyz": [
          0.0,
          0.0,
          0.0
        ],
        "ptp_xyz": [
          0.0,
          0.0,
          0.0
        ],
        "mean_norm": 0.0
      },
      "gyro": {
        "std_xyz_dps": [
          0.0,
          0.0,
          0.0
        ],
        "std_norm_dps": 0.0,
        "mean_xyz_dps": [
          0.0,
          0.0,
          0.0
        ],
        "ptp_xyz_dps": [
          0.0,
          0.0,
          0.0
        ],
        "std_xyz_rads": [
          0.0,
          0.0,
          0.0
        ]
      },
      "n_samples": 300
    },
    "s2": {
      "accel": {
        "std_xyz": [
          0.13516946136951447,
          0.13230234384536743,
          0.13563379645347595
        ],
        "std_norm": 0.23274710774421692,
        "mean_xyz": [
          2.279188632965088,
          -4.882623195648193,
          5.929053783416748
        ],
        "ptp_xyz": [
          0.7664062976837158,
          0.6873703002929688,
          0.8957376480102539
        ],
        "mean_norm": 8.011765480041504
      },
      "gyro": {
        "std_xyz_dps": [
          2.0178680419921875,
          3.001939058303833,
          1.8009250164031982
        ],
        "std_norm_dps": 4.040638740802462,
        "mean_xyz_dps": [
          5.7129058837890625,
          4.468905448913574,
          -0.41707322001457214
        ],
        "ptp_xyz_dps": [
          13.170731544494629,
          16.920730590820312,
          10.762195587158203
        ],
        "std_xyz_rads": [
          0.03521844372153282,
          0.05239372327923775,
          0.031432073563337326
        ]
      },
      "n_samples": 300
    },
    "s3": {
      "accel": {
        "std_xyz": [
          0.20498651266098022,
          0.23862531781196594,
          0.3683139383792877
        ],
        "std_norm": 0.48437243700027466,
        "mean_xyz": [
          1.3194801807403564,
          3.961890459060669,
          8.047285079956055
        ],
        "ptp_xyz": [
          1.2310400009155273,
          1.3939015865325928,
          2.701582431793213
        ],
        "mean_norm": 9.06622314453125
      },
      "gyro": {
        "std_xyz_dps": [
          5.567780017852783,
          2.385970115661621,
          2.4513182640075684
        ],
        "std_norm_dps": 6.534675912930272,
        "mean_xyz_dps": [
          -0.6092479228973389,
          0.007926844991743565,
          -0.3680894374847412
        ],
        "ptp_xyz_dps": [
          39.29878234863281,
          14.085365295410156,
          12.957317352294922
        ],
        "std_xyz_rads": [
          0.09717609733343124,
          0.041643038392066956,
          0.042783576995134354
        ]
      },
      "n_samples": 300,
      "mag": {
        "std_xyz": [
          2.3365020751953125e-05,
          1.71661376953125e-05,
          0.000141143798828125
        ],
        "mean_xyz": [
          -7.800023555755615,
          30.89998435974121,
          54.299861907958984
        ],
        "mean_norm": 62.9612922668457
      }
    },
    "waveform_s3_az": [
      8.0137357711792,
      8.090375900268555,
      8.660390853881836,
      8.396939277648926,
      8.210126876831055,
      7.980205535888672,
      7.740703582763672,
      7.65927267074585,
      7.831714153289795,
      8.090375900268555,
      8.440049171447754,
      8.363408088684082,
      8.468789100646973,
      8.559800148010254,
      7.841294288635254,
      7.640112400054932,
      8.325088500976562,
      8.444839477539062,
      8.14306640625,
      8.301137924194336,
      8.449628829956055,
      8.157437324523926,
      7.750283718109131,
      7.9562554359436035,
      8.186177253723145,
      8.090375900268555,
      8.085586547851562,
      8.229287147521973,
      8.032896041870117,
      7.975415229797363,
      8.061635971069336,
      8.152647018432617,
      8.339458465576172,
      8.459209442138672,
      8.315507888793945,
      8.210126876831055,
      8.071216583251953,
      8.214917182922363,
      8.195756912231445,
      8.171807289123535,
      8.387358665466309,
      7.951465129852295,
      7.692802906036377,
      8.061635971069336,
      8.281977653503418,
      8.11911678314209,
      8.181386947631836,
      8.085586547851562,
      8.123906135559082,
      8.24844741821289,
      8.066426277160645,
      8.24844741821289,
      8.363408088684082,
      8.152647018432617,
      8.056845664978027,
      7.812553882598877,
      7.8173441886901855,
      8.123906135559082,
      8.267607688903809,
      8.34424877166748,
      8.684341430664062,
      8.435258865356445,
      8.454419136047363,
      8.229287147521973,
      7.8269243240356445,
      7.592212200164795,
      7.65927267074585,
      7.77902364730835,
      8.042475700378418,
      8.157437324523926,
      8.315507888793945,
      8.281977653503418,
      7.961045265197754,
      7.563471794128418,
      7.620952606201172,
      8.018526077270508,
      8.679551124572754,
      8.890313148498535,
      8.521479606628418,
      8.349038124084473,
      8.267607688903809,
      8.2628173828125,
      8.0137357711792,
      7.89877462387085,
      8.042475700378418,
      8.147856712341309,
      8.052056312561035,
      7.846084117889404,
      7.726333141326904,
      7.668852806091309,
      7.520361423492432,
      7.735913276672363,
      8.138277053833008,
      8.521479606628418,
      8.698711395263672,
      8.483160018920898,
      8.157437324523926,
      7.994575500488281,
      7.630532741546631,
      8.037686347961426
    ],