{
  "label": "breadboard",
  "timestamp": "2026-06-22T20:58:31.114977",
  "sample_rate_hz": 85,
  "sensors": {
    "s1": {
      "accel": {
        "std_xyz": [
          0.43263405561447144,
          0.27005982398986816,
          0.26833397150039673
        ],
        "std_norm": 0.5762878060340881,
        "mean_xyz": [
          4.301454067230225,
          -3.26867413520813,
          11.047637939453125
        ],
        "ptp_xyz": [
          1.985471487045288,
          1.5998730659484863,
          1.3292360305786133
        ],
        "mean_norm": 12.297846794128418
      },
      "gyro": {
        "std_xyz_dps": [
          5.048424243927002,
          6.824553966522217,
          4.906273365020752
        ],
        "std_norm_dps": 9.804726308269549,
        "mean_xyz_dps": [
          -3.095325469970703,
          0.8832318186759949,
          -1.5095528364181519
        ],
        "ptp_xyz_dps": [
          28.201217651367188,
          42.65243911743164,
          26.646339416503906
        ],
        "std_xyz_rads": [
          0.08811163157224655,
          0.11911094188690186,
          0.0856306254863739
        ]
      },
      "n_samples": 300
    },
    "s2": {
      "accel": {
        "std_xyz": [
          0.42571696639060974,
          0.1989191770553589,
          0.27380064129829407
        ],
        "std_norm": 0.543847918510437,
        "mean_xyz": [
          1.4333319664001465,
          -6.501347064971924,
          5.180618762969971
        ],
        "ptp_xyz": [
          1.829795002937317,
          1.6525635719299316,
          1.6334033012390137
        ],
        "mean_norm": 8.435684204101562
      },
      "gyro": {
        "std_xyz_dps": [
          5.047765254974365,
          6.096837997436523,
          5.0115838050842285
        ],
        "std_norm_dps": 9.368423215599243,
        "mean_xyz_dps": [
          5.027845859527588,
          6.5983734130859375,
          -0.8623984456062317
        ],
        "ptp_xyz_dps": [
          33.01829528808594,
          39.57316970825195,
          29.54268455505371
        ],
        "std_xyz_rads": [
          0.0881001278758049,
          0.10640989989042282,
          0.08746864646673203
        ]
      },
      "n_samples": 300
    },
    "s3": {
      "accel": {
        "std_xyz": [
          0.9082276821136475,
          0.4935743510723114,
          0.5420820713043213
        ],
        "std_norm": 1.1671957969665527,
        "mean_xyz": [
          1.3693124055862427,
          3.9924633502960205,
          8.009666442871094
        ],
        "ptp_xyz": [
          7.515571594238281,
          4.526587009429932,
          5.906118392944336
        ],
        "mean_norm": 9.053703308105469
      },
      "gyro": {
        "std_xyz_dps": [
          10.483346939086914,
          11.525630950927734,
          8.990213394165039
        ],
        "std_norm_dps": 17.98790423587554,
        "mean_xyz_dps": [
          -1.1271336078643799,
          1.2282519340515137,
          -2.3710362911224365
        ],
        "ptp_xyz_dps": [
          115.73170471191406,
          102.92681884765625,
          87.95731353759766
        ],
        "std_xyz_rads": [
          0.18296892940998077,
          0.2011602222919464,
          0.1569088250398636
        ]
      },
      "n_samples": 300,
      "mag": {
        "std_xyz": [
          0.000125885009765625,
          0.0,
          0.00016021728515625
        ],
        "mean_xyz": [
          -45.45012664794922,
          17.25,
          54.5998420715332
        ],
        "mean_norm": 73.10553741455078
      }
    },
    "waveform_s3_az": [
      7.965835094451904,
      7.692802906036377,
      7.711963176727295,
      7.932304859161377,
      8.171807289123535,
      8.200547218322754,
      7.788603782653809,
      7.965835094451904,
      8.0137357711792,
      7.860454559326172,
      8.12869644165039,
      8.291558265686035,
      8.23886775970459,
      8.0137357711792,
      7.8365044593811035,
      7.740703582763672,
      7.711963176727295,
      7.855664253234863,
      7.965835094451904,
      7.9466753005981445,
      8.10474681854248,
      8.10474681854248,
      7.77902364730835,
      7.975415229797363,
      8.296347618103027,
      8.152647018432617,
      7.831714153289795,
      7.774233818054199,
      7.64490270614624,
      7.52515172958374,
      8.152647018432617,
      8.784932136535645,
      8.2628173828125,
      7.568262100219727,
      7.850874423980713,
      8.325088500976562,
      8.056845664978027,
      7.975415229797363,
      8.004155158996582,
      7.9562554359436035,
      7.8269243240356445,
      7.64490270614624,
      7.616162300109863,
      7.8365044593811035,
      8.004155158996582,
      8.305928230285645,
      8.181386947631836,
      8.483160018920898,
      8.564590454101562,
      8.47836971282959,
      8.052056312561035,
      7.122788429260254,
      6.878496170043945,
      7.04614782333374,
      7.692802906036377,
      8.018526077270508,
      7.855664253234863,
      7.850874423980713,
      8.123906135559082,
      8.2532377243042,
      8.320298194885254,
      8.377779006958008,
      8.162226676940918,
      8.114326477050781,
      8.114326477050781,
      7.668852806091309,
      7.769443511962891,
      7.798183917999268,
      8.066426277160645,
      8.47836971282959,
      8.698711395263672,
      8.545430183410645,
      8.138277053833008,
      8.24844741821289,
      7.927515029907227,
      8.593330383300781,
      9.484277725219727,
      8.679551124572754,
      7.4580912590026855,
      7.630532741546631,
      8.574170112609863,
      9.105864524841309,
      8.406518936157227,
      7.553892135620117,
      7.750283718109131,
      8.109536170959473,
      8.080796241760254,
      8.090375900268555,
      8.138277053833008,
      7.984995365142822,
      8.004155158996582,
      7.941884994506836,
      7.941884994506836,
      8.339458465576172,
      8.277188301086426,
      8.167016983032227,
      7.917934894561768,
      7.711963176727295,
      7.534731864929199,
      7.683222770690918
    ],