{
  "label": "breadboard",
  "timestamp": "2026-06-28T23:43:55.307821",
  "sample_rate_hz": 85,
  "sensors": {
    "s1": {
      "accel": {
        "std_xyz": [
          0.0,
          0.0,
          0.0
        ],
        "std_norm": 0.0,
        "mean_xyz": [
          0.0,
          0.0,
          0.0
        ],
        "ptp_xyz": [
          0.0,
          0.0,
          0.0
        ],
        "mean_norm": 0.0
      },
      "gyro": {
        "std_xyz_dps": [
          0.0,
          0.0,
          0.0
        ],
        "std_norm_dps": 0.0,
        "mean_xyz_dps": [
          0.0,
          0.0,
          0.0
        ],
        "ptp_xyz_dps": [
          0.0,
          0.0,
          0.0
        ],
        "std_xyz_rads": [
          0.0,
          0.0,
          0.0
        ]
      },
      "n_samples": 300
    },
    "s2": {
      "accel": {
        "std_xyz": [
          0.5183790326118469,
          0.35264259576797485,
          0.45838361978530884
        ],
        "std_norm": 0.7766525149345398,
        "mean_xyz": [
          -0.35552483797073364,
          -5.982823371887207,
          5.450993061065674
        ],
        "ptp_xyz": [
          3.9637575149536133,
          1.9998416900634766,
          3.930227279663086
        ],
        "mean_norm": 8.10147476196289
      },
      "gyro": {
        "std_xyz_dps": [
          9.64597225189209,
          11.298209190368652,
          7.210069179534912
        ],
        "std_norm_dps": 16.51300855442862,
        "mean_xyz_dps": [
          6.259554386138916,
          6.273880481719971,
          -2.4102632999420166
        ],
        "ptp_xyz_dps": [
          75.3963394165039,
          71.15853118896484,
          32.04268264770508
        ],
        "std_xyz_rads": [
          0.16835398972034454,
          0.19719095528125763,
          0.1258394569158554
        ]
      },
      "n_samples": 300
    },
    "s3": {
      "accel": {
        "std_xyz": [
          1.1887208223342896,
          0.8282197713851929,
          0.7358278036117554
        ],
        "std_norm": 1.6249455213546753,
        "mean_xyz": [
          2.944612979888916,
          1.7447881698608398,
          8.446626663208008
        ],
        "ptp_xyz": [
          7.477251052856445,
          5.460644721984863,
          5.748047351837158
        ],
        "mean_norm": 9.113755226135254
      },
      "gyro": {
        "std_xyz_dps": [
          21.94671058654785,
          24.7347354888916,
          14.617029190063477
        ],
        "std_norm_dps": 36.154154956263866,
        "mean_xyz_dps": [
          0.6883124113082886,
          -0.21199144423007965,
          -2.162498712539673
        ],
        "ptp_xyz_dps": [
          175.15243530273438,
          257.31707763671875,
          100.18292999267578
        ],
        "std_xyz_rads": [
          0.3830423653125763,
          0.431702584028244,
          0.2551153004169464
        ]
      },
      "n_samples": 300,
      "mag": {
        "std_xyz": [
          2.3365020751953125e-05,
          1.71661376953125e-05,
          0.000141143798828125
        ],
        "mean_xyz": [
          -7.800023555755615,
          30.89998435974121,
          54.299861907958984
        ],
        "mean_norm": 62.9612922668457
      }
    },
    "waveform_s3_az": [
      7.889194488525391,
      8.090375900268555,
      7.544312000274658,
      8.401728630065918,
      9.110654830932617,
      9.350156784057617,
      8.497529983520508,
      8.473579406738281,
      10.724898338317871,
      11.989468574523926,
      10.40396499633789,
      8.58375072479248,
      8.799302101135254,
      9.148975372314453,
      9.517807960510254,
      9.608819007873535,
      9.125024795532227,
      8.363408088684082,
      8.5023193359375,
      8.157437324523926,
      7.8173441886901855,
      7.242539405822754,
      7.328760147094727,
      7.620952606201172,
      7.491621494293213,
      8.195756912231445,
      8.947793006896973,
      8.880732536315918,
      9.786049842834473,
      9.168134689331055,
      8.899892807006836,
      8.363408088684082,
      9.388477325439453,
      6.758745193481445,
      7.003037452697754,
      7.496411323547363,
      7.649692535400391,
      7.328760147094727,
      7.8173441886901855,
      8.258028030395508,
      8.574170112609863,
      8.617280960083008,
      8.713081359863281,
      8.842412948608398,
      8.602910995483398,
      8.401728630065918,
      8.58375072479248,
      8.234077453613281,
      8.12869644165039,
      8.181386947631836,
      8.593330383300781,
      9.072334289550781,
      8.789722442626953,
      8.468789100646973,
      7.807764053344727,
      8.24844741821289,
      8.214917182922363,
      8.650811195373535,
      8.24844741821289,
      7.822134017944336,
      8.10474681854248,
      8.353828430175781,
      8.181386947631836,
      7.913145065307617,
      8.152647018432617,
      7.391030788421631,
      7.2281694412231445,
      8.296347618103027,
      8.301137924194336,
      8.617280960083008,
      8.938213348388672,
      9.287885665893555,
      10.375225067138672,
      11.500884056091309,
      10.959609985351562,
      8.58375072479248,
      7.640112400054932,
      8.459209442138672,
      8.444839477539062,
      8.588540077209473,
      8.818462371826172,
      8.775351524353027,
      8.550220489501953,
      8.334668159484863,
      7.6975932121276855,
      8.353828430175781,
      9.474698066711426,
      9.388477325439453,
      8.626860618591309,
      9.790840148925781,
      9.30225658416748,
      7.4772515296936035,
      7.620952606201172,
      6.241421222686768,
      6.955137252807617,
      6.864126205444336,
      9.340576171875,
      9.747730255126953,
      8.291558265686035,
      8.593330383300781
    ],