{
  "label": "breadboard",
  "timestamp": "2026-06-28T21:20:49.797625",
  "sample_rate_hz": 85,
  "sensors": {
    "s1": {
      "accel": {
        "std_xyz": [
          0.7850103378295898,
          0.9999406933784485,
          0.666568398475647
        ],
        "std_norm": 1.4354219436645508,
        "mean_xyz": [
          4.045004844665527,
          -0.9018204808235168,
          11.646878242492676
        ],
        "ptp_xyz": [
          4.8523101806640625,
          7.417375564575195,
          4.746929168701172
        ],
        "mean_norm": 12.362245559692383
      },
      "gyro": {
        "std_xyz_dps": [
          25.746305465698242,
          21.147144317626953,
          25.17700958251953
        ],
        "std_norm_dps": 41.760698660995914,
        "mean_xyz_dps": [
          0.33790645003318787,
          -2.103658437728882,
          0.2235776036977768
        ],
        "ptp_xyz_dps": [
          152.2865753173828,
          126.34146118164062,
          175.5487823486328
        ],
        "std_xyz_rads": [
          0.4493578374385834,
          0.3690873086452484,
          0.43942174315452576
        ]
      },
      "n_samples": 300
    },
    "s2": {
      "accel": {
        "std_xyz": [
          0.8755918741226196,
          0.6217910051345825,
          1.1627836227416992
        ],
        "std_norm": 1.5828299522399902,
        "mean_xyz": [
          1.4607936143875122,
          -3.2889609336853027,
          6.465219974517822
        ],
        "ptp_xyz": [
          6.672524452209473,
          4.500242233276367,
          6.686894416809082
        ],
        "mean_norm": 7.399341106414795
      },
      "gyro": {
        "std_xyz_dps": [
          26.127166748046875,
          19.812103271484375,
          28.48617172241211
        ],
        "std_norm_dps": 43.43512978130829,
        "mean_xyz_dps": [
          7.493499279022217,
          3.186382532119751,
          1.652133584022522
        ],
        "ptp_xyz_dps": [
          164.29876708984375,
          113.41462707519531,
          184.14634704589844
        ],
        "std_xyz_rads": [
          0.4560050964355469,
          0.345786452293396,
          0.49717751145362854
        ]
      },
      "n_samples": 300
    },
    "s3": {
      "accel": {
        "std_xyz": [
          1.822616696357727,
          1.0764257907867432,
          1.7426499128341675
        ],
        "std_norm": 2.74179744720459,
        "mean_xyz": [
          4.194813251495361,
          2.765368938446045,
          7.613128185272217
        ],
        "ptp_xyz": [
          12.31040096282959,
          6.073769569396973,
          11.03145980834961
        ],
        "mean_norm": 9.12159252166748
      },
      "gyro": {
        "std_xyz_dps": [
          23.983238220214844,
          18.20357894897461,
          34.0773811340332
        ],
        "std_norm_dps": 45.473446059842274,
        "mean_xyz_dps": [
          0.9106712341308594,
          -1.192581057548523,
          1.3538612127304077
        ],
        "ptp_xyz_dps": [
          140.60975646972656,
          118.8719482421875,
          237.5609588623047
        ],
        "std_xyz_rads": [
          0.41858649253845215,
          0.3177123963832855,
          0.5947625637054443
        ]
      },
      "n_samples": 300,
      "mag": {
        "std_xyz": [
          0.0,
          8.96453857421875e-05,
          2.288818359375e-05
        ],
        "mean_xyz": [
          -32.25,
          30.450090408325195,
          62.54998016357422
        ],
        "mean_norm": 76.6796646118164
      }
    },
    "waveform_s3_az": [
      8.186177253723145,
      8.406518936157227,
      8.099956512451172,
      8.401728630065918,
      6.121670246124268,
      4.220024585723877,
      4.018843173980713,
      5.666616439819336,
      9.388477325439453,
      9.55612850189209,
      10.255474090576172,
      10.8877592086792,
      8.559800148010254,
      9.948911666870117,
      9.034013748168945,
      7.41977071762085,
      6.159990310668945,
      6.466553211212158,
      6.816226005554199,
      6.3899126052856445,
      6.337222099304199,
      7.065308094024658,
      8.085586547851562,
      10.006392478942871,
      9.695039749145508,
      8.631650924682617,
      7.271279811859131,
      6.159990310668945,
      6.495293140411377,
      7.261699676513672,
      8.190967559814453,
      8.904683113098145,
      8.392148971557617,
      7.089258193969727,
      6.1504106521606445,
      4.919370174407959,
      7.017407417297363,
      6.662944793701172,
      6.792275905609131,
      13.474380493164062,
      12.937895774841309,
      11.381133079528809,
      7.472461223602295,
      7.391030788421631,
      8.737031936645508,
      7.620952606201172,
      7.031777858734131,
      6.58151388168335,
      6.715634822845459,
      6.591094017028809,
      7.170688629150391,
      7.367080211639404,
      7.793394088745117,
      8.23886775970459,
      7.683222770690918,
      7.664062976837158,
      7.4580912590026855,
      7.041357517242432,
      7.141948699951172,
      7.132368564605713,
      7.089258193969727,
      8.660390853881836,
      9.311836242675781,
      8.396939277648926,
      7.7167534828186035,
      7.256909370422363,
      7.860454559326172,
      7.304810047149658,
      7.745493412017822,
      7.893984794616699,
      9.350156784057617,
      9.465117454528809,
      8.10474681854248,
      8.353828430175781,
      8.804092407226562,
      8.36819839477539,
      8.080796241760254,
      6.552773952484131,
      6.643784523010254,
      6.298901557922363,
      5.72888708114624,
      6.236630916595459,
      6.571933746337891,
      7.376660346984863,
      7.079678058624268,
      6.169570446014404,
      7.079678058624268,
      14.858701705932617,
      14.566509246826172,
      8.919053077697754,
      7.276069641113281,
      9.148975372314453,
      8.114326477050781,
      6.7395853996276855,
      5.800737380981445,
      6.174360752105713,
      6.2605814933776855,
      6.600674152374268,
      7.189848899841309,
      6.370752334594727
    ],