{
  "label": "breadboard",
  "timestamp": "2026-06-24T19:53:56.568895",
  "sample_rate_hz": 85,
  "sensors": {
    "s1": {
      "accel": {
        "std_xyz": [
          1.9867968559265137,
          3.2299840450286865,
          2.657691478729248
        ],
        "std_norm": 4.630711078643799,
        "mean_xyz": [
          1.2731202840805054,
          0.9938774704933167,
          11.659774780273438
        ],
        "ptp_xyz": [
          16.6262264251709,
          12.928316116333008,
          41.558380126953125
        ],
        "mean_norm": 11.77110767364502
      },
      "gyro": {
        "std_xyz_dps": [
          41.38367462158203,
          60.382877349853516,
          26.108171463012695
        ],
        "std_norm_dps": 77.71960924474038,
        "mean_xyz_dps": [
          1.8104678392410278,
          -3.629573345184326,
          -0.6982725858688354
        ],
        "ptp_xyz_dps": [
          305.4573059082031,
          486.981689453125,
          166.58535766601562
        ],
        "std_xyz_rads": [
          0.7222813963890076,
          1.0538800954818726,
          0.45567357540130615
        ]
      },
      "n_samples": 300
    },
    "s2": {
      "accel": {
        "std_xyz": [
          1.6104295253753662,
          2.6073498725891113,
          1.822944164276123
        ],
        "std_norm": 3.565793514251709,
        "mean_xyz": [
          -0.7235512137413025,
          -0.9637399315834045,
          6.457858085632324
        ],
        "ptp_xyz": [
          13.539045333862305,
          12.65528392791748,
          17.356706619262695
        ],
        "mean_norm": 6.569342136383057
      },
      "gyro": {
        "std_xyz_dps": [
          82.31454467773438,
          50.05713653564453,
          38.684444427490234
        ],
        "std_norm_dps": 103.81661459157854,
        "mean_xyz_dps": [
          8.777848243713379,
          1.5923776626586914,
          -0.1331302374601364
        ],
        "ptp_xyz_dps": [
          793.231689453125,
          355.79266357421875,
          233.74998474121094
        ],
        "std_xyz_rads": [
          1.4366599321365356,
          0.8736618757247925,
          0.6751709580421448
        ]
      },
      "n_samples": 300
    },
    "s3": {
      "accel": {
        "std_xyz": [
          2.1757445335388184,
          3.212632417678833,
          2.529147148132324
        ],
        "std_norm": 4.6315717697143555,
        "mean_xyz": [
          3.430449962615967,
          7.532557964324951,
          -5.4473114013671875
        ],
        "ptp_xyz": [
          20.08463478088379,
          57.94031524658203,
          32.10763168334961
        ],
        "mean_norm": 9.908613204956055
      },
      "gyro": {
        "std_xyz_dps": [
          40.36113739013672,
          139.19747924804688,
          46.921730041503906
        ],
        "std_norm_dps": 152.33715147413608,
        "mean_xyz_dps": [
          -4.974289417266846,
          0.8427834510803223,
          0.6605684757232666
        ],
        "ptp_xyz_dps": [
          494.6950988769531,
          1264.695068359375,
          303.0487976074219
        ],
        "std_xyz_rads": [
          0.7044347524642944,
          2.4294543266296387,
          0.8189387321472168
        ]
      },
      "n_samples": 300,
      "mag": {
        "std_xyz": [
          0.0,
          0.000244140625,
          0.000164031982421875
        ],
        "mean_xyz": [
          -48.0,
          89.4002456665039,
          55.34983825683594
        ],
        "mean_norm": 115.58550262451172
      }
    },
    "waveform_s3_az": [
      -5.925278663635254,
      -5.125341892242432,
      -5.805527687072754,
      -6.092929840087891,
      -5.676196575164795,
      -5.446274757385254,
      -6.46176290512085,
      -6.0306596755981445,
      -5.537285327911377,
      -6.083349704742432,
      -6.097720146179199,
      -5.934858798980713,
      -5.685776710510254,
      -5.652246475219727,
      -5.954018592834473,
      -5.412744522094727,
      -5.925278663635254,
      -6.126460075378418,
      -6.016289234161377,
      -6.145620346069336,
      -6.547983646392822,
      -7.553892135620117,
      -7.381450653076172,
      -4.809199333190918,
      -4.675078392028809,
      -3.453618288040161,
      -4.057163238525391,
      -3.832031488418579,
      -5.4223246574401855,
      -7.103628158569336,
      -8.267607688903809,
      -3.362607479095459,
      -6.533613681793213,
      -6.897656440734863,
      -5.345684051513672,
      -5.843847751617432,
      -7.927515029907227,
      -6.284531593322754,
      -5.522915363311768,
      -5.762417316436768,
      -5.508544921875,
      -6.001919269561768,
      -6.710844993591309,
      -7.309599876403809,
      -6.413862705230713,
      -7.137158393859863,
      -7.975415229797363,
      -6.159990310668945,
      -4.229604721069336,
      -2.054926872253418,
      -8.521479606628418,
      -6.658154487609863,
      -7.189848899841309,
      -7.30001974105835,
      -7.323969841003418,
      -7.664062976837158,
      -6.950346946716309,
      -6.907236576080322,
      -7.654482841491699,
      -8.511899948120117,
      -7.276069641113281,
      -7.850874423980713,
      -7.870034694671631,
      -7.4580912590026855,
      -8.578960418701172,
      -4.124223709106445,
      -6.485713005065918,
      -10.585987091064453,
      -9.359736442565918,
      -8.138277053833008,
      -4.057163238525391,
      -10.576406478881836,
      -9.551338195800781,
      -3.879931688308716,
      -7.003037452697754,
      -7.4772515296936035,
      -7.807764053344727,
      -5.522915363311768,
      -5.522915363311768,
      -6.337222099304199,
      -10.777587890625,
      -8.794511795043945,
      -8.34424877166748,
      -8.631650924682617,
      -8.746611595153809,
      -7.52515172958374,
      -6.763535499572754,
      -7.9370951652526855,
      -8.990903854370117,
      -7.9466753005981445,
      -7.721543312072754,
      -6.193520545959473,
      -8.205337524414062,
      -8.229287147521973,
      -9.718989372253418,
      -9.0914945602417,
      -12.037368774414062,
      -9.479487419128418,
      -8.669971466064453,
      -4.253554821014404
    ],