{
  "label": "breadboard",
  "timestamp": "2026-06-28T23:04:04.720047",
  "sample_rate_hz": 85,
  "sensors": {
    "s1": {
      "accel": {
        "std_xyz": [
          0.1182955950498581,
          0.11371685564517975,
          0.08866319060325623
        ],
        "std_norm": 0.18651148676872253,
        "mean_xyz": [
          4.343153953552246,
          -3.4133894443511963,
          10.91663646697998
        ],
        "ptp_xyz": [
          0.6562352180480957,
          0.639470100402832,
          0.45265865325927734
        ],
        "mean_norm": 12.234670639038086
      },
      "gyro": {
        "std_xyz_dps": [
          1.3026714324951172,
          2.176706314086914,
          1.510983943939209
        ],
        "std_norm_dps": 2.9526389114475027,
        "mean_xyz_dps": [
          -1.9537599086761475,
          -0.878150463104248,
          -1.3887196779251099
        ],
        "ptp_xyz_dps": [
          7.225608825683594,
          12.682926177978516,
          8.445121765136719
        ],
        "std_xyz_rads": [
          0.02273590676486492,
          0.037990693002939224,
          0.02637164667248726
        ]
      },
      "n_samples": 300
    },
    "s2": {
      "accel": {
        "std_xyz": [
          0.11831089109182358,
          0.07391964644193649,
          0.11055633425712585
        ],
        "std_norm": 0.1780007928609848,
        "mean_xyz": [
          0.788097083568573,
          -6.926366329193115,
          4.901346206665039
        ],
        "ptp_xyz": [
          0.6274950504302979,
          0.38559818267822266,
          0.5771999359130859
        ],
        "mean_norm": 8.521669387817383
      },
      "gyro": {
        "std_xyz_dps": [
          1.4944226741790771,
          1.7415132522583008,
          1.1350866556167603
        ],
        "std_norm_dps": 2.560193317211495,
        "mean_xyz_dps": [
          5.738010406494141,
          4.795121669769287,
          -0.6325206160545349
        ],
        "ptp_xyz_dps": [
          8.384146690368652,
          9.054878234863281,
          7.073170185089111
        ],
        "std_xyz_rads": [
          0.0260825976729393,
          0.0303951408714056,
          0.019811000674962997
        ]
      },
      "n_samples": 300
    },
    "s3": {
      "accel": {
        "std_xyz": [
          0.19791695475578308,
          0.19191083312034607,
          0.1590871810913086
        ],
        "std_norm": 0.31829172372817993,
        "mean_xyz": [
          2.002906084060669,
          4.2042341232299805,
          7.776464939117432
        ],
        "ptp_xyz": [
          1.197509765625,
          1.0777587890625,
          0.7855663299560547
        ],
        "mean_norm": 9.064249992370605
      },
      "gyro": {
        "std_xyz_dps": [
          1.9649994373321533,
          2.1098408699035645,
          2.3194525241851807
        ],
        "std_norm_dps": 3.7003395064453866,
        "mean_xyz_dps": [
          -0.530182957649231,
          -0.43475618958473206,
          -0.9327235221862793
        ],
        "ptp_xyz_dps": [
          12.713414192199707,
          12.317072868347168,
          13.292681694030762
        ],
        "std_xyz_rads": [
          0.034295711666345596,
          0.03682367131114006,
          0.040482085198163986
        ]
      },
      "n_samples": 300,
      "mag": {
        "std_xyz": [
          2.3365020751953125e-05,
          1.71661376953125e-05,
          0.000141143798828125
        ],
        "mean_xyz": [
          -7.800023555755615,
          30.89998435974121,
          54.299861907958984
        ],
        "mean_norm": 62.9612922668457
      }
    },
    "waveform_s3_az": [
      7.99936580657959,
      8.032896041870117,
      7.88440465927124,
      7.951465129852295,
      7.932304859161377,
      7.860454559326172,
      7.688013076782227,
      8.047266006469727,
      7.9370951652526855,
      7.812553882598877,
      7.913145065307617,
      7.9370951652526855,
      7.678432941436768,
      7.601792335510254,
      7.783813953399658,
      7.668852806091309,
      7.745493412017822,
      7.870034694671631,
      8.167016983032227,
      8.004155158996582,
      8.00894546508789,
      8.152647018432617,
      7.980205535888672,
      7.984995365142822,
      8.195756912231445,
      7.855664253234863,
      7.630532741546631,
      7.620952606201172,
      7.903564929962158,
      8.219707489013672,
      7.893984794616699,
      7.8365044593811035,
      7.917934894561768,
      7.874824523925781,
      8.004155158996582,
      7.855664253234863,
      7.9370951652526855,
      8.028105735778809,
      7.908354759216309,
      7.941884994506836,
      7.8173441886901855,
      7.678432941436768,
      7.553892135620117,
      7.726333141326904,
      7.721543312072754,
      7.860454559326172,
      8.0233154296875,
      7.831714153289795,
      7.692802906036377,
      7.7167534828186035,
      7.783813953399658,
      7.735913276672363,
      7.731123447418213,
      7.874824523925781,
      7.965835094451904,
      8.032896041870117,
      7.9370951652526855,
      7.841294288635254,
      7.841294288635254,
      7.9466753005981445,
      7.620952606201172,
      7.6975932121276855,
      7.903564929962158,
      7.860454559326172,
      7.735913276672363,
      8.042475700378418,
      8.071216583251953,
      7.917934894561768,
      7.87961483001709,
      7.769443511962891,
      7.640112400054932,
      7.850874423980713,
      7.802973747253418,
      7.88440465927124,
      8.004155158996582,
      7.8269243240356445,
      7.735913276672363,
      7.649692535400391,
      7.668852806091309,
      7.740703582763672,
      8.028105735778809,
      8.138277053833008,
      7.994575500488281,
      7.735913276672363,
      7.606582164764404,
      7.52515172958374,
      7.76465368270874,
      7.529941558837891,
      7.740703582763672,
      7.922724723815918,
      8.018526077270508,
      7.731123447418213,
      7.774233818054199,
      7.932304859161377,
      7.625742435455322,
      7.582632064819336,
      7.759863376617432,
      7.726333141326904,
      7.89877462387085,
      7.802973747253418
    ],