{
  "label": "breadboard",
  "timestamp": "2026-06-28T23:11:26.781649",
  "sample_rate_hz": 85,
  "sensors": {
    "s1": {
      "accel": {
        "std_xyz": [
          0.10132228583097458,
          0.12805308401584625,
          0.09584048390388489
        ],
        "std_norm": 0.1893388330936432,
        "mean_xyz": [
          4.406660079956055,
          -2.5542244911193848,
          11.202555656433105
        ],
        "ptp_xyz": [
          0.608335018157959,
          0.6801855564117432,
          0.5460643768310547
        ],
        "mean_norm": 12.306095123291016
      },
      "gyro": {
        "std_xyz_dps": [
          1.8425118923187256,
          2.303239107131958,
          1.1681140661239624
        ],
        "std_norm_dps": 3.172420738560173,
        "mean_xyz_dps": [
          -2.3969507217407227,
          -1.1367887258529663,
          -1.0254064798355103
        ],
        "ptp_xyz_dps": [
          11.890243530273438,
          20.823169708251953,
          9.085365295410156
        ],
        "std_xyz_rads": [
          0.03215790167450905,
          0.04019910842180252,
          0.0203874371945858
        ]
      },
      "n_samples": 300
    },
    "s2": {
      "accel": {
        "std_xyz": [
          0.10182736068964005,
          0.10070446878671646,
          0.09971074759960175
        ],
        "std_norm": 0.1745062619447708,
        "mean_xyz": [
          0.7220661640167236,
          -6.5011372566223145,
          5.204784870147705
        ],
        "ptp_xyz": [
          0.5532495379447937,
          0.5412745475769043,
          0.7137155532836914
        ],
        "mean_norm": 8.359183311462402
      },
      "gyro": {
        "std_xyz_dps": [
          1.9618476629257202,
          2.420219898223877,
          1.078917145729065
        ],
        "std_norm_dps": 3.2970251602491847,
        "mean_xyz_dps": [
          5.168394088745117,
          4.577338218688965,
          -0.47997966408729553
        ],
        "ptp_xyz_dps": [
          13.749999046325684,
          20.54878044128418,
          6.707316875457764
        ],
        "std_xyz_rads": [
          0.03424070402979851,
          0.04224080964922905,
          0.01883065700531006
        ]
      },
      "n_samples": 300
    },
    "s3": {
      "accel": {
        "std_xyz": [
          0.2204565554857254,
          0.1701335906982422,
          0.1725279539823532
        ],
        "std_norm": 0.32758575677871704,
        "mean_xyz": [
          2.4926724433898926,
          4.248030185699463,
          7.6289520263671875
        ],
        "ptp_xyz": [
          1.3172608613967896,
          1.1448192596435547,
          0.9148974418640137
        ],
        "mean_norm": 9.080753326416016
      },
      "gyro": {
        "std_xyz_dps": [
          2.5052738189697266,
          2.2961485385894775,
          2.6120481491088867
        ],
        "std_norm_dps": 4.286198128729584,
        "mean_xyz_dps": [
          -1.4767268896102905,
          0.022764207795262337,
          -0.5514228940010071
        ],
        "ptp_xyz_dps": [
          15.76219367980957,
          11.310975074768066,
          16.61585235595703
        ],
        "std_xyz_rads": [
          0.04372527822852135,
          0.040075354278087616,
          0.045588843524456024
        ]
      },
      "n_samples": 300,
      "mag": {
        "std_xyz": [
          2.3365020751953125e-05,
          1.71661376953125e-05,
          0.000141143798828125
        ],
        "mean_xyz": [
          -7.800023555755615,
          30.89998435974121,
          54.299861907958984
        ],
        "mean_norm": 62.9612922668457
      }
    },
    "waveform_s3_az": [
      7.429350852966309,
      7.573051929473877,
      7.515571594238281,
      7.414980888366699,
      7.812553882598877,
      8.032896041870117,
      7.472461223602295,
      7.443720817565918,
      7.860454559326172,
      7.793394088745117,
      7.5970025062561035,
      7.582632064819336,
      7.386240482330322,
      7.18026876449585,
      7.496411323547363,
      7.515571594238281,
      7.520361423492432,
      7.438930988311768,
      7.237749099731445,
      7.237749099731445,
      7.640112400054932,
      7.9370951652526855,
      7.5874223709106445,
      7.496411323547363,
      7.620952606201172,
      7.515571594238281,
      7.223379135131836,
      7.678432941436768,
      7.951465129852295,
      7.649692535400391,
      7.601792335510254,
      7.726333141326904,
      7.362290382385254,
      7.649692535400391,
      7.731123447418213,
      7.573051929473877,
      7.362290382385254,
      7.429350852966309,
      7.386240482330322,
      7.5778422355651855,
      7.52515172958374,
      7.649692535400391,
      7.558681964874268,
      7.501201629638672,
      7.745493412017822,
      7.7167534828186035,
      7.8365044593811035,
      7.64490270614624,
      7.573051929473877,
      7.750283718109131,
      7.668852806091309,
      7.482041358947754,
      7.4580912590026855,
      7.400610446929932,
      7.625742435455322,
      7.448511123657227,
      7.668852806091309,
      7.951465129852295,
      7.846084117889404,
      7.913145065307617,
      7.424561023712158,
      7.678432941436768,
      7.89877462387085,
      7.486831188201904,
      7.237749099731445,
      7.357500076293945,
      7.448511123657227,
      7.309599876403809,
      7.40540075302124,
      7.788603782653809,
      7.860454559326172,
      7.582632064819336,
      7.9370951652526855,
      7.89877462387085,
      7.606582164764404,
      7.802973747253418,
      7.975415229797363,
      7.759863376617432,
      7.64490270614624,
      7.688013076782227,
      7.620952606201172,
      7.357500076293945,
      7.362290382385254,
      7.448511123657227,
      7.352710247039795,
      7.664062976837158,
      7.5778422355651855,
      7.822134017944336,
      7.9466753005981445,
      7.510781764984131,
      7.40540075302124,
      7.788603782653809,
      7.841294288635254,
      7.654482841491699,
      7.865244388580322,
      7.640112400054932,
      7.606582164764404,
      7.726333141326904,
      7.611372470855713,
      7.788603782653809
    ],