{
  "label": "breadboard",
  "timestamp": "2026-06-22T21:05:14.996929",
  "sample_rate_hz": 85,
  "sensors": {
    "s1": {
      "accel": {
        "std_xyz": [
          0.8370655179023743,
          0.8821381330490112,
          0.6345199942588806
        ],
        "std_norm": 1.371664047241211,
        "mean_xyz": [
          2.622339963912964,
          -1.790700078010559,
          11.975008964538574
        ],
        "ptp_xyz": [
          3.913461923599243,
          7.038962364196777,
          5.0918121337890625
        ],
        "mean_norm": 12.388870239257812
      },
      "gyro": {
        "std_xyz_dps": [
          19.310710906982422,
          19.25350570678711,
          16.818044662475586
        ],
        "std_norm_dps": 32.03822490580624,
        "mean_xyz_dps": [
          -2.711789608001709,
          -0.6020331382751465,
          -0.52154541015625
        ],
        "ptp_xyz_dps": [
          181.3719482421875,
          144.51219177246094,
          92.43902587890625
        ],
        "std_xyz_rads": [
          0.33703550696372986,
          0.3360370993614197,
          0.29353028535842896
        ]
      },
      "n_samples": 300
    },
    "s2": {
      "accel": {
        "std_xyz": [
          0.7447551488876343,
          0.656144917011261,
          0.5599576830863953
        ],
        "std_norm": 1.1396223306655884,
        "mean_xyz": [
          -0.030097389593720436,
          -4.548790454864502,
          6.124953269958496
        ],
        "ptp_xyz": [
          3.5087037086486816,
          2.8261232376098633,
          3.0201196670532227
        ],
        "mean_norm": 7.629380702972412
      },
      "gyro": {
        "std_xyz_dps": [
          13.80107307434082,
          16.92173957824707,
          15.14201831817627
        ],
        "std_norm_dps": 26.572459937604624,
        "mean_xyz_dps": [
          4.81595516204834,
          4.894614219665527,
          0.11869966238737106
        ],
        "ptp_xyz_dps": [
          112.6219482421875,
          91.3719482421875,
          76.43292999267578
        ],
        "std_xyz_rads": [
          0.24087417125701904,
          0.29534009099006653,
          0.2642780840396881
        ]
      },
      "n_samples": 300
    },
    "s3": {
      "accel": {
        "std_xyz": [
          1.0377519130706787,
          0.6775667071342468,
          0.7281009554862976
        ],
        "std_norm": 1.437413215637207,
        "mean_xyz": [
          2.1861894130706787,
          3.2686285972595215,
          8.1316499710083
        ],
        "ptp_xyz": [
          5.930068492889404,
          3.9661526679992676,
          4.3733062744140625
        ],
        "mean_norm": 9.032557487487793
      },
      "gyro": {
        "std_xyz_dps": [
          10.889169692993164,
          16.232683181762695,
          19.249364852905273
        ],
        "std_norm_dps": 27.433777527794497,
        "mean_xyz_dps": [
          -0.3807927370071411,
          0.9569104909896851,
          -0.2869911193847656
        ],
        "ptp_xyz_dps": [
          64.4817123413086,
          134.1158447265625,
          108.8414535522461
        ],
        "std_xyz_rads": [
          0.19005186855793,
          0.2833137810230255,
          0.33596479892730713
        ]
      },
      "n_samples": 300,
      "mag": {
        "std_xyz": [
          6.4849853515625e-05,
          0.0,
          0.0001220703125
        ],
        "mean_xyz": [
          -58.95006561279297,
          17.25,
          46.34988021850586
        ],
        "mean_norm": 76.94792938232422
      }
    },
    "waveform_s3_az": [
      8.171807289123535,
      8.071216583251953,
      8.00894546508789,
      7.89877462387085,
      7.774233818054199,
      7.721543312072754,
      7.941884994506836,
      7.903564929962158,
      8.052056312561035,
      8.080796241760254,
      8.531060218811035,
      8.880732536315918,
      9.508228302001953,
      9.489068031311035,
      9.187294960021973,
      8.938213348388672,
      8.3729887008667,
      8.425679206848145,
      8.473579406738281,
      8.813672065734863,
      8.689130783081055,
      8.555009841918945,
      8.22449779510498,
      7.759863376617432,
      7.276069641113281,
      7.870034694671631,
      8.770562171936035,
      9.043594360351562,
      8.828042030334473,
      8.181386947631836,
      7.726333141326904,
      7.070097923278809,
      6.442602634429932,
      6.9886674880981445,
      7.232959270477295,
      7.850874423980713,
      8.363408088684082,
      8.914262771606445,
      9.153764724731445,
      8.555009841918945,
      7.9370951652526855,
      7.5970025062561035,
      7.266489505767822,
      7.189848899841309,
      7.209009170532227,
      7.893984794616699,
      7.472461223602295,
      7.362290382385254,
      7.448511123657227,
      8.219707489013672,
      8.813672065734863,
      8.72745132446289,
      9.134604454040527,
      9.263936042785645,
      9.125024795532227,
      8.775351524353027,
      8.281977653503418,
      8.507109642028809,
      7.89877462387085,
      7.204218864440918,
      7.031777858734131,
      6.993457317352295,
      7.041357517242432,
      6.840176105499268,
      6.480923175811768,
      6.471343040466309,
      6.734795093536377,
      7.089258193969727,
      7.395820617675781,
      7.76465368270874,
      8.0137357711792,
      8.123906135559082,
      7.927515029907227,
      8.066426277160645,
      7.927515029907227,
      7.400610446929932,
      6.9886674880981445,
      7.223379135131836,
      7.472461223602295,
      8.195756912231445,
      8.660390853881836,
      9.110654830932617,
      9.053174018859863,
      8.775351524353027,
      9.163345336914062,
      9.115445137023926,
      9.364526748657227,
      9.42200756072998,
      8.933423042297363,
      8.23886775970459,
      8.099956512451172,
      7.961045265197754,
      7.5874223709106445,
      7.510781764984131,
      7.927515029907227,
      8.052056312561035,
      7.161108493804932,
      6.80664587020874,
      7.2185893058776855,
      7.865244388580322
    ],