{
  "label": "breadboard",
  "timestamp": "2026-06-28T23:34:26.296546",
  "sample_rate_hz": 85,
  "sensors": {
    "s1": {
      "accel": {
        "std_xyz": [
          0.18269488215446472,
          0.33513587713241577,
          0.16383014619350433
        ],
        "std_norm": 0.4153718650341034,
        "mean_xyz": [
          2.3153693675994873,
          -2.081519603729248,
          12.018855094909668
        ],
        "ptp_xyz": [
          1.2262500524520874,
          1.8297951221466064,
          1.2214593887329102
        ],
        "mean_norm": 12.415575981140137
      },
      "gyro": {
        "std_xyz_dps": [
          7.075058937072754,
          3.642977237701416,
          2.2874741554260254
        ],
        "std_norm_dps": 8.280113679854106,
        "mean_xyz_dps": [
          -1.160162329673767,
          -0.4546746611595154,
          -1.0560975074768066
        ],
        "ptp_xyz_dps": [
          59.35975646972656,
          32.10365676879883,
          20.884145736694336
        ],
        "std_xyz_rads": [
          0.1234830766916275,
          0.06358195096254349,
          0.039923958480358124
        ]
      },
      "n_samples": 300
    },
    "s2": {
      "accel": {
        "std_xyz": [
          0.237348735332489,
          0.2707829773426056,
          0.25928083062171936
        ],
        "std_norm": 0.44371655583381653,
        "mean_xyz": [
          -0.19268730282783508,
          -6.07142972946167,
          5.414653301239014
        ],
        "ptp_xyz": [
          1.4873071908950806,
          2.1315674781799316,
          1.607058048248291
        ],
        "mean_norm": 8.137435913085938
      },
      "gyro": {
        "std_xyz_dps": [
          7.665727615356445,
          2.9516775608062744,
          2.141566753387451
        ],
        "std_norm_dps": 8.488939883538075,
        "mean_xyz_dps": [
          6.598169326782227,
          5.215752124786377,
          0.11524386703968048
        ],
        "ptp_xyz_dps": [
          65.64024353027344,
          26.402437210083008,
          17.073169708251953
        ],
        "std_xyz_rads": [
          0.1337921917438507,
          0.051516495645046234,
          0.03737739473581314
        ]
      },
      "n_samples": 300
    },
    "s3": {
      "accel": {
        "std_xyz": [
          0.3621926009654999,
          0.3684280812740326,
          0.32198092341423035
        ],
        "std_norm": 0.6087647080421448,
        "mean_xyz": [
          1.4605944156646729,
          2.8586795330047607,
          8.482025146484375
        ],
        "ptp_xyz": [
          2.6872119903564453,
          2.2561087608337402,
          2.773433208465576
        ],
        "mean_norm": 9.069186210632324
      },
      "gyro": {
        "std_xyz_dps": [
          6.902873992919922,
          3.264707088470459,
          4.010972499847412
        ],
        "std_norm_dps": 8.625305464091026,
        "mean_xyz_dps": [
          -0.18577240407466888,
          0.5510165691375732,
          -0.3216463625431061
        ],
        "ptp_xyz_dps": [
          54.26829147338867,
          23.231704711914062,
          30.335365295410156
        ],
        "std_xyz_rads": [
          0.12047788500785828,
          0.056979890912771225,
          0.07000467926263809
        ]
      },
      "n_samples": 300,
      "mag": {
        "std_xyz": [
          2.3365020751953125e-05,
          1.71661376953125e-05,
          0.000141143798828125
        ],
        "mean_xyz": [
          -7.800023555755615,
          30.89998435974121,
          54.299861907958984
        ],
        "mean_norm": 62.9612922668457
      }
    },
    "waveform_s3_az": [
      8.636441230773926,
      8.167016983032227,
      8.195756912231445,
      8.559800148010254,
      8.8519926071167,
      8.459209442138672,
      7.640112400054932,
      8.449628829956055,
      8.516690254211426,
      8.11911678314209,
      8.2628173828125,
      8.895102500915527,
      8.914262771606445,
      8.7322416305542,
      8.794511795043945,
      8.593330383300781,
      8.377779006958008,
      8.454419136047363,
      8.258028030395508,
      8.018526077270508,
      7.932304859161377,
      7.927515029907227,
      7.8173441886901855,
      7.970625400543213,
      7.970625400543213,
      8.2532377243042,
      8.71787166595459,
      9.19687557220459,
      9.709409713745117,
      9.766890525817871,
      9.144185066223145,
      8.646020889282227,
      8.617280960083008,
      8.674760818481445,
      8.746611595153809,
      8.71787166595459,
      8.449628829956055,
      8.00894546508789,
      7.841294288635254,
      7.994575500488281,
      8.406518936157227,
      8.349038124084473,
      8.60770034790039,
      8.555009841918945,
      8.737031936645508,
      8.789722442626953,
      8.540639877319336,
      8.48794937133789,
      8.219707489013672,
      8.028105735778809,
      7.908354759216309,
      8.23886775970459,
      8.219707489013672,
      8.214917182922363,
      8.3729887008667,
      8.24844741821289,
      8.056845664978027,
      8.34424877166748,
      8.58375072479248,
      8.22449779510498,
      8.425679206848145,
      8.7322416305542,
      8.555009841918945,
      8.176596641540527,
      8.167016983032227,
      8.090375900268555,
      8.018526077270508,
      8.181386947631836,
      8.018526077270508,
      8.569379806518555,
      9.014853477478027,
      9.163345336914062,
      8.7322416305542,
      8.004155158996582,
      7.755073547363281,
      8.052056312561035,
      7.831714153289795,
      7.64490270614624,
      7.9562554359436035,
      8.0137357711792,
      8.066426277160645,
      8.425679206848145,
      8.578960418701172,
      8.0233154296875,
      7.908354759216309,
      8.449628829956055,
      8.804092407226562,
      8.693921089172363,
      8.708291053771973,
      8.794511795043945,
      8.756192207336426,
      8.559800148010254,
      8.4927396774292,
      8.061635971069336,
      8.195756912231445,
      8.698711395263672,
      8.301137924194336,
      8.138277053833008,
      8.396939277648926,
      8.578960418701172
    ],