{
  "label": "breadboard",
  "timestamp": "2026-06-28T21:11:17.280214",
  "sample_rate_hz": 85,
  "sensors": {
    "s1": {
      "accel": {
        "std_xyz": [
          0.0493275485932827,
          0.03994153067469597,
          0.06265436112880707
        ],
        "std_norm": 0.08918577432632446,
        "mean_xyz": [
          2.0540008544921875,
          -4.145932197570801,
          11.367547988891602
        ],
        "ptp_xyz": [
          0.3424879312515259,
          0.4334986209869385,
          0.8813676834106445
        ],
        "mean_norm": 12.273093223571777
      },
      "gyro": {
        "std_xyz_dps": [
          0.45485466718673706,
          0.5310980677604675,
          0.3938130736351013
        ],
        "std_norm_dps": 0.8025252428051073,
        "mean_xyz_dps": [
          -2.0908541679382324,
          -1.0847560167312622,
          -1.0404472351074219
        ],
        "ptp_xyz_dps": [
          3.871951103210449,
          3.5975606441497803,
          4.0853657722473145
        ],
        "std_xyz_rads": [
          0.007938711903989315,
          0.009269410744309425,
          0.006873335223644972
        ]
      },
      "n_samples": 300
    },
    "s2": {
      "accel": {
        "std_xyz": [
          0.030954541638493538,
          0.028491325676441193,
          0.08760321885347366
        ],
        "std_norm": 0.09718159586191177,
        "mean_xyz": [
          -0.0584065318107605,
          -4.194836616516113,
          6.2867112159729
        ],
        "ptp_xyz": [
          0.2299218773841858,
          0.22513198852539062,
          0.4718189239501953
        ],
        "mean_norm": 7.557962894439697
      },
      "gyro": {
        "std_xyz_dps": [
          0.2331465184688568,
          0.19564834237098694,
          0.19747090339660645
        ],
        "std_norm_dps": 0.3628089765404992,
        "mean_xyz_dps": [
          5.501214504241943,
          4.499791622161865,
          -0.422052800655365
        ],
        "ptp_xyz_dps": [
          1.5243901014328003,
          2.103658676147461,
          1.4024388790130615
        ],
        "std_xyz_rads": [
          0.004069174639880657,
          0.0034147079568356276,
          0.0034465177450329065
        ]
      },
      "n_samples": 300
    },
    "s3": {
      "accel": {
        "std_xyz": [
          0.07230090349912643,
          0.06858449429273605,
          0.08856003731489182
        ],
        "std_norm": 0.1333196610212326,
        "mean_xyz": [
          5.150505065917969,
          1.937458872795105,
          -9.06588363647461
        ],
        "ptp_xyz": [
          0.4071531295776367,
          0.41673338413238525,
          0.45505332946777344
        ],
        "mean_norm": 10.605267524719238
      },
      "gyro": {
        "std_xyz_dps": [
          0.9436494708061218,
          1.5235850811004639,
          1.7515908479690552
        ],
        "std_norm_dps": 2.5059641765225322,
        "mean_xyz_dps": [
          -1.275304913520813,
          0.10497967153787613,
          -0.39949193596839905
        ],
        "ptp_xyz_dps": [
          6.249999523162842,
          7.804877281188965,
          11.493902206420898
        ],
        "std_xyz_rads": [
          0.016469791531562805,
          0.026591576635837555,
          0.03057102859020233
        ]
      },
      "n_samples": 300,
      "mag": {
        "std_xyz": [
          0.00023651123046875,
          0.00011444091796875,
          0.00025177001953125
        ],
        "mean_xyz": [
          -81.90023803710938,
          -38.70011520385742,
          88.3497543334961
        ],
        "mean_norm": 126.53468322753906
      }
    },
    "waveform_s3_az": [
      -9.057964324951172,
      -8.96695327758789,
      -9.163345336914062,
      -9.134604454040527,
      -9.187294960021973,
      -9.07712459564209,
      -9.249566078186035,
      -9.048383712768555,
      -9.024434089660645,
      -9.053174018859863,
      -9.048383712768555,
      -8.986113548278809,
      -8.923843383789062,
      -8.938213348388672,
      -9.129815101623535,
      -8.95737361907959,
      -8.96695327758789,
      -9.129815101623535,
      -9.034013748168945,
      -8.962163925170898,
      -9.153764724731445,
      -8.990903854370117,
      -9.177715301513672,
      -9.005273818969727,
      -9.000483512878418,
      -9.105864524841309,
      -9.2208251953125,
      -9.163345336914062,
      -9.177715301513672,
      -9.225615501403809,
      -9.129815101623535,
      -9.110654830932617,
      -9.019643783569336,
      -8.952583312988281,
      -9.096284866333008,
      -9.125024795532227,
      -9.158555030822754,
      -9.081914901733398,
      -9.148975372314453,
      -8.875943183898926,
      -9.048383712768555,
      -9.06275463104248,
      -9.158555030822754,
      -9.053174018859863,
      -9.105864524841309,
      -9.125024795532227,
      -9.201665878295898,
      -9.192085266113281,
      -9.115445137023926,
      -9.081914901733398,
      -9.168134689331055,
      -9.067543983459473,
      -9.144185066223145,
      -9.2112455368042,
      -9.120234489440918,
      -9.2208251953125,
      -9.005273818969727,
      -9.010064125061035,
      -9.043594360351562,
      -9.148975372314453,
      -9.172924995422363,
      -8.9813232421875,
      -9.177715301513672,
      -9.081914901733398,
      -9.10107421875,
      -9.07712459564209,
      -9.18250560760498,
      -8.9717435836792,
      -8.82325267791748,
      -8.890313148498535,
      -9.072334289550781,
      -9.105864524841309,
      -8.976533889770508,
      -9.125024795532227,
      -9.148975372314453,
      -9.187294960021973,
      -9.081914901733398,
      -8.938213348388672,
      -9.07712459564209,
      -9.239985466003418,
      -9.029224395751953,
      -9.115445137023926,
      -9.053174018859863,
      -9.08670425415039,
      -9.048383712768555,
      -9.06275463104248,
      -9.072334289550781,
      -9.029224395751953,
      -8.83762264251709,
      -9.07712459564209,
      -9.134604454040527,
      -9.139394760131836,
      -9.10107421875,
      -8.976533889770508,
      -8.995694160461426,
      -9.06275463104248,
      -9.034013748168945,
      -9.038804054260254,
      -8.96695327758789,
      -9.057964324951172
    ],