{
  "label": "breadboard",
  "timestamp": "2026-06-28T23:09:30.456034",
  "sample_rate_hz": 85,
  "sensors": {
    "s1": {
      "accel": {
        "std_xyz": [
          0.14829802513122559,
          0.11506152153015137,
          0.12211234867572784
        ],
        "std_norm": 0.22392606735229492,
        "mean_xyz": [
          3.6308088302612305,
          -2.7282395362854004,
          11.468780517578125
        ],
        "ptp_xyz": [
          0.8933422565460205,
          0.7735912799835205,
          0.8262815475463867
        ],
        "mean_norm": 12.335274696350098
      },
      "gyro": {
        "std_xyz_dps": [
          2.22212553024292,
          3.344634532928467,
          1.6821433305740356
        ],
        "std_norm_dps": 4.353622768008188,
        "mean_xyz_dps": [
          -1.7168699502944946,
          -0.6602638363838196,
          -1.2178860902786255
        ],
        "ptp_xyz_dps": [
          17.987804412841797,
          26.371950149536133,
          10.27439022064209
        ],
        "std_xyz_rads": [
          0.03878340870141983,
          0.05837488919496536,
          0.029358940199017525
        ]
      },
      "n_samples": 300
    },
    "s2": {
      "accel": {
        "std_xyz": [
          0.13639666140079498,
          0.1067001074552536,
          0.1244075745344162
        ],
        "std_norm": 0.21322806179523468,
        "mean_xyz": [
          0.1479164958000183,
          -6.634755611419678,
          5.102486610412598
        ],
        "ptp_xyz": [
          0.8574169874191284,
          0.5556445121765137,
          0.7927513122558594
        ],
        "mean_norm": 8.371214866638184
      },
      "gyro": {
        "std_xyz_dps": [
          3.0585505962371826,
          3.4277610778808594,
          1.412888526916504
        ],
        "std_norm_dps": 4.806301666100422,
        "mean_xyz_dps": [
          5.948681354522705,
          4.892277717590332,
          -0.3203253746032715
        ],
        "ptp_xyz_dps": [
          21.981708526611328,
          27.073171615600586,
          10.243902206420898
        ],
        "std_xyz_rads": [
          0.0533817820250988,
          0.05982572212815285,
          0.02465955913066864
        ]
      },
      "n_samples": 300
    },
    "s3": {
      "accel": {
        "std_xyz": [
          0.2126815915107727,
          0.17552004754543304,
          0.21182876825332642
        ],
        "std_norm": 0.3477242887020111,
        "mean_xyz": [
          1.4089258909225464,
          3.1834285259246826,
          8.373258590698242
        ],
        "ptp_xyz": [
          1.4753320217132568,
          1.2118797302246094,
          1.264570713043213
        ],
        "mean_norm": 9.068117141723633
      },
      "gyro": {
        "std_xyz_dps": [
          2.9258437156677246,
          3.202418327331543,
          3.0007052421569824
        ],
        "std_norm_dps": 5.274493204458225,
        "mean_xyz_dps": [
          -0.6599593758583069,
          -0.2570122182369232,
          -0.9774389863014221
        ],
        "ptp_xyz_dps": [
          19.237804412841797,
          23.079267501831055,
          24.66463279724121
        ],
        "std_xyz_rads": [
          0.051065608859062195,
          0.05589274689555168,
          0.05237219110131264
        ]
      },
      "n_samples": 300,
      "mag": {
        "std_xyz": [
          2.3365020751953125e-05,
          1.71661376953125e-05,
          0.000141143798828125
        ],
        "mean_xyz": [
          -7.800023555755615,
          30.89998435974121,
          54.299861907958984
        ],
        "mean_norm": 62.9612922668457
      }
    },
    "waveform_s3_az": [
      8.377779006958008,
      8.056845664978027,
      7.9562554359436035,
      8.147856712341309,
      8.4927396774292,
      8.693921089172363,
      8.751401901245117,
      8.82325267791748,
      8.631650924682617,
      8.545430183410645,
      8.406518936157227,
      8.588540077209473,
      8.890313148498535,
      8.952583312988281,
      8.660390853881836,
      8.396939277648926,
      8.219707489013672,
      8.167016983032227,
      8.267607688903809,
      8.396939277648926,
      8.540639877319336,
      8.459209442138672,
      8.152647018432617,
      8.23886775970459,
      8.296347618103027,
      8.2532377243042,
      8.214917182922363,
      8.933423042297363,
      8.756192207336426,
      8.392148971557617,
      8.71787166595459,
      8.72745132446289,
      8.24844741821289,
      8.339458465576172,
      8.219707489013672,
      8.032896041870117,
      8.406518936157227,
      8.737031936645508,
      8.296347618103027,
      8.090375900268555,
      8.59812068939209,
      8.646020889282227,
      8.746611595153809,
      8.459209442138672,
      8.109536170959473,
      8.10474681854248,
      8.229287147521973,
      7.975415229797363,
      7.961045265197754,
      8.22449779510498,
      8.535849571228027,
      8.617280960083008,
      8.406518936157227,
      8.281977653503418,
      8.578960418701172,
      8.440049171447754,
      8.315507888793945,
      8.497529983520508,
      8.416098594665527,
      8.23886775970459,
      7.8365044593811035,
      8.157437324523926,
      8.4927396774292,
      8.171807289123535,
      8.210126876831055,
      8.636441230773926,
      8.650811195373535,
      8.521479606628418,
      8.35861873626709,
      8.574170112609863,
      8.526269912719727,
      8.296347618103027,
      8.176596641540527,
      8.382568359375,
      8.310718536376953,
      8.11911678314209,
      8.11911678314209,
      8.396939277648926,
      8.281977653503418,
      8.650811195373535,
      8.401728630065918,
      8.234077453613281,
      8.219707489013672,
      8.396939277648926,
      8.349038124084473,
      8.363408088684082,
      8.272397994995117,
      8.12869644165039,
      8.305928230285645,
      8.440049171447754,
      8.186177253723145,
      8.334668159484863,
      8.497529983520508,
      8.521479606628418,
      8.449628829956055,
      8.315507888793945,
      8.205337524414062,
      8.646020889282227,
      8.483160018920898,
      7.980205535888672
    ],