{
  "label": "breadboard",
  "timestamp": "2026-06-28T23:41:49.742961",
  "sample_rate_hz": 85,
  "sensors": {
    "s1": {
      "accel": {
        "std_xyz": [
          0.0,
          0.0,
          0.0
        ],
        "std_norm": 0.0,
        "mean_xyz": [
          0.0,
          0.0,
          0.0
        ],
        "ptp_xyz": [
          0.0,
          0.0,
          0.0
        ],
        "mean_norm": 0.0
      },
      "gyro": {
        "std_xyz_dps": [
          0.0,
          0.0,
          0.0
        ],
        "std_norm_dps": 0.0,
        "mean_xyz_dps": [
          0.0,
          0.0,
          0.0
        ],
        "ptp_xyz_dps": [
          0.0,
          0.0,
          0.0
        ],
        "std_xyz_rads": [
          0.0,
          0.0,
          0.0
        ]
      },
      "n_samples": 300
    },
    "s2": {
      "accel": {
        "std_xyz": [
          0.22423861920833588,
          0.10071831196546555,
          0.10819525271654129
        ],
        "std_norm": 0.2685765326023102,
        "mean_xyz": [
          0.39408451318740845,
          -6.527538776397705,
          5.180864334106445
        ],
        "ptp_xyz": [
          1.4154565334320068,
          1.159189224243164,
          1.0825486183166504
        ],
        "mean_norm": 8.342986106872559
      },
      "gyro": {
        "std_xyz_dps": [
          2.58301043510437,
          2.744457244873047,
          1.5686872005462646
        ],
        "std_norm_dps": 4.082250387660296,
        "mean_xyz_dps": [
          5.487803936004639,
          3.4974586963653564,
          -0.4844508171081543
        ],
        "ptp_xyz_dps": [
          23.20121955871582,
          18.018291473388672,
          10.97560977935791
        ],
        "std_xyz_rads": [
          0.04508204013109207,
          0.04789981618523598,
          0.027378758415579796
        ]
      },
      "n_samples": 300
    },
    "s3": {
      "accel": {
        "std_xyz": [
          0.40559306740760803,
          0.2740333378314972,
          0.41586148738861084
        ],
        "std_norm": 0.642293393611908,
        "mean_xyz": [
          2.4299545288085938,
          4.686000347137451,
          7.376389026641846
        ],
        "ptp_xyz": [
          4.018843173980713,
          3.372187614440918,
          6.006709098815918
        ],
        "mean_norm": 9.070523262023926
      },
      "gyro": {
        "std_xyz_dps": [
          9.593371391296387,
          4.065496921539307,
          5.301862716674805
        ],
        "std_norm_dps": 11.690629476795634,
        "mean_xyz_dps": [
          -0.9495933651924133,
          -1.2231701612472534,
          -0.09186983853578568
        ],
        "ptp_xyz_dps": [
          109.87804412841797,
          42.0121955871582,
          53.689022064208984
        ],
        "std_xyz_rads": [
          0.1674359291791916,
          0.07095631211996078,
          0.09253496676683426
        ]
      },
      "n_samples": 300,
      "mag": {
        "std_xyz": [
          2.3365020751953125e-05,
          1.71661376953125e-05,
          0.000141143798828125
        ],
        "mean_xyz": [
          -7.800023555755615,
          30.89998435974121,
          54.299861907958984
        ],
        "mean_norm": 62.9612922668457
      }
    },
    "waveform_s3_az": [
      7.462881088256836,
      7.482041358947754,
      7.788603782653809,
      7.702383041381836,
      7.558681964874268,
      7.395820617675781,
      7.16589879989624,
      7.117998123168945,
      7.515571594238281,
      8.018526077270508,
      8.147856712341309,
      7.798183917999268,
      7.386240482330322,
      7.16589879989624,
      7.122788429260254,
      6.82101583480835,
      7.089258193969727,
      7.4580912590026855,
      7.822134017944336,
      7.510781764984131,
      7.505991458892822,
      7.2281694412231445,
      7.036567687988281,
      7.870034694671631,
      7.850874423980713,
      7.702383041381836,
      7.199429035186768,
      7.036567687988281,
      6.931186676025391,
      7.549101829528809,
      7.8269243240356445,
      7.5970025062561035,
      7.520361423492432,
      7.381450653076172,
      7.371870517730713,
      7.194639205932617,
      7.2185893058776855,
      7.395820617675781,
      7.4676713943481445,
      7.237749099731445,
      7.16589879989624,
      7.352710247039795,
      7.395820617675781,
      7.505991458892822,
      7.256909370422363,
      7.022197723388672,
      6.983877182006836,
      7.156318664550781,
      7.175478935241699,
      7.204218864440918,
      7.185059070587158,
      6.8689165115356445,
      7.242539405822754,
      7.582632064819336,
      7.6975932121276855,
      7.491621494293213,
      7.783813953399658,
      9.656719207763672,
      10.902129173278809,
      8.234077453613281,
      5.561235427856445,
      4.895420074462891,
      5.906118392944336,
      6.562353610992432,
      7.089258193969727,
      7.664062976837158,
      7.989785671234131,
      8.123906135559082,
      7.841294288635254,
      7.65927267074585,
      7.673643112182617,
      7.16589879989624,
      7.089258193969727,
      7.084467887878418,
      7.841294288635254,
      7.89877462387085,
      7.53952169418335,
      7.209009170532227,
      7.209009170532227,
      7.170688629150391,
      7.314390182495117,
      7.304810047149658,
      7.132368564605713,
      7.793394088745117,
      8.631650924682617,
      8.190967559814453,
      6.921606540679932,
      6.782695770263672,
      7.194639205932617,
      7.486831188201904,
      8.056845664978027,
      8.14306640625,
      7.702383041381836,
      7.04614782333374,
      7.04614782333374,
      7.213798999786377,
      7.362290382385254,
      7.343130111694336,
      7.151528835296631,
      7.256909370422363
    ],