{
  "label": "breadboard",
  "timestamp": "2026-06-28T23:14:20.268052",
  "sample_rate_hz": 85,
  "sensors": {
    "s1": {
      "accel": {
        "std_xyz": [
          0.13947857916355133,
          0.1363920420408249,
          0.1606844812631607
        ],
        "std_norm": 0.2527381181716919,
        "mean_xyz": [
          3.6858716011047363,
          -3.4273693561553955,
          11.196956634521484
        ],
        "ptp_xyz": [
          1.0394384860992432,
          0.8502321243286133,
          1.2621746063232422
        ],
        "mean_norm": 12.276169776916504
      },
      "gyro": {
        "std_xyz_dps": [
          2.5874016284942627,
          3.2946605682373047,
          2.2911489009857178
        ],
        "std_norm_dps": 4.774808944497964,
        "mean_xyz_dps": [
          -2.0464439392089844,
          -0.993089497089386,
          -0.986483633518219
        ],
        "ptp_xyz_dps": [
          18.140243530273438,
          20.457317352294922,
          17.987804412841797
        ],
        "std_xyz_rads": [
          0.04515868052840233,
          0.05750267580151558,
          0.039988093078136444
        ]
      },
      "n_samples": 300
    },
    "s2": {
      "accel": {
        "std_xyz": [
          0.15300744771957397,
          0.12770913541316986,
          0.13238222897052765
        ],
        "std_norm": 0.23926126956939697,
        "mean_xyz": [
          0.7588620185852051,
          -7.486100196838379,
          4.469569683074951
        ],
        "ptp_xyz": [
          0.9364526867866516,
          0.8071212768554688,
          0.8741824626922607
        ],
        "mean_norm": 8.751834869384766
      },
      "gyro": {
        "std_xyz_dps": [
          2.4263601303100586,
          2.509819269180298,
          1.7815921306610107
        ],
        "std_norm_dps": 3.919245788683826,
        "mean_xyz_dps": [
          5.5669684410095215,
          4.300410270690918,
          -0.5154471397399902
        ],
        "ptp_xyz_dps": [
          19.939023971557617,
          22.469511032104492,
          14.725608825683594
        ],
        "std_xyz_rads": [
          0.042347975075244904,
          0.04380461201071739,
          0.03109464980661869
        ]
      },
      "n_samples": 300
    },
    "s3": {
      "accel": {
        "std_xyz": [
          0.21987438201904297,
          0.19158346951007843,
          0.22046934068202972
        ],
        "std_norm": 0.36558952927589417,
        "mean_xyz": [
          1.895545244216919,
          2.4289166927337646,
          8.558061599731445
        ],
        "ptp_xyz": [
          1.3795313835144043,
          0.9388476610183716,
          1.3507914543151855
        ],
        "mean_norm": 9.095776557922363
      },
      "gyro": {
        "std_xyz_dps": [
          2.534102201461792,
          3.3424625396728516,
          2.4583685398101807
        ],
        "std_norm_dps": 4.861821712542517,
        "mean_xyz_dps": [
          -1.3605695962905884,
          -0.3147355616092682,
          -0.28475603461265564
        ],
        "ptp_xyz_dps": [
          16.64634132385254,
          26.798778533935547,
          20.030487060546875
        ],
        "std_xyz_rads": [
          0.04422843083739281,
          0.058336980640888214,
          0.04290662705898285
        ]
      },
      "n_samples": 300,
      "mag": {
        "std_xyz": [
          2.3365020751953125e-05,
          1.71661376953125e-05,
          0.000141143798828125
        ],
        "mean_xyz": [
          -7.800023555755615,
          30.89998435974121,
          54.299861907958984
        ],
        "mean_norm": 62.9612922668457
      }
    },
    "waveform_s3_az": [
      8.459209442138672,
      8.535849571228027,
      8.760981559753418,
      8.392148971557617,
      8.229287147521973,
      8.349038124084473,
      8.406518936157227,
      8.34424877166748,
      8.301137924194336,
      8.4927396774292,
      8.578960418701172,
      8.58375072479248,
      8.684341430664062,
      8.602910995483398,
      8.416098594665527,
      8.555009841918945,
      8.555009841918945,
      8.46399974822998,
      8.545430183410645,
      8.70350170135498,
      8.698711395263672,
      8.669971466064453,
      8.722661972045898,
      8.569379806518555,
      8.277188301086426,
      8.459209442138672,
      8.58375072479248,
      8.550220489501953,
      8.363408088684082,
      8.162226676940918,
      8.574170112609863,
      8.693921089172363,
      8.411309242248535,
      8.631650924682617,
      8.760981559753418,
      8.526269912719727,
      8.646020889282227,
      8.48794937133789,
      8.416098594665527,
      8.430469512939453,
      8.526269912719727,
      8.454419136047363,
      8.6220703125,
      8.349038124084473,
      8.138277053833008,
      8.329877853393555,
      8.650811195373535,
      8.545430183410645,
      8.425679206848145,
      8.396939277648926,
      8.24844741821289,
      8.646020889282227,
      8.808881759643555,
      8.430469512939453,
      8.5023193359375,
      8.6220703125,
      8.545430183410645,
      8.650811195373535,
      8.674760818481445,
      8.449628829956055,
      8.411309242248535,
      8.291558265686035,
      8.258028030395508,
      8.420888900756836,
      8.396939277648926,
      8.425679206848145,
      8.507109642028809,
      8.636441230773926,
      8.679551124572754,
      8.60770034790039,
      8.483160018920898,
      8.535849571228027,
      8.540639877319336,
      8.473579406738281,
      8.315507888793945,
      8.569379806518555,
      8.559800148010254,
      8.650811195373535,
      8.626860618591309,
      8.550220489501953,
      8.550220489501953,
      9.144185066223145,
      8.914262771606445,
      8.669971466064453,
      8.646020889282227,
      7.984995365142822,
      8.23886775970459,
      8.171807289123535,
      8.36819839477539,
      8.147856712341309,
      8.23886775970459,
      8.363408088684082,
      8.636441230773926,
      8.665181159973145,
      8.6124906539917,
      8.775351524353027,
      8.746611595153809,
      8.904683113098145,
      8.660390853881836,
      8.875943183898926
    ],