{
  "label": "breadboard",
  "timestamp": "2026-06-26T20:56:01.042941",
  "sample_rate_hz": 85,
  "sensors": {
    "s1": {
      "accel": {
        "std_xyz": [
          1.9112738370895386,
          1.3369488716125488,
          1.0599290132522583
        ],
        "std_norm": 2.5620009899139404,
        "mean_xyz": [
          -0.2571850121021271,
          -2.1117608547210693,
          11.93078899383545
        ],
        "ptp_xyz": [
          10.042317390441895,
          7.494016170501709,
          6.260581016540527
        ],
        "mean_norm": 12.118968963623047
      },
      "gyro": {
        "std_xyz_dps": [
          28.125274658203125,
          33.29209518432617,
          32.39284133911133
        ],
        "std_norm_dps": 54.301854882866444,
        "mean_xyz_dps": [
          -1.092174768447876,
          -3.5970540046691895,
          -15.378353118896484
        ],
        "ptp_xyz_dps": [
          164.14633178710938,
          259.90850830078125,
          190.73170471191406
        ],
        "std_xyz_rads": [
          0.4908786714076996,
          0.5810567140579224,
          0.5653617978096008
        ]
      },
      "n_samples": 300
    },
    "s2": {
      "accel": {
        "std_xyz": [
          1.7603682279586792,
          1.0577480792999268,
          1.1566154956817627
        ],
        "std_norm": 2.3570079803466797,
        "mean_xyz": [
          -0.08742635697126389,
          -5.191371917724609,
          5.713946342468262
        ],
        "ptp_xyz": [
          10.779983520507812,
          6.26776647567749,
          6.921606540679932
        ],
        "mean_norm": 7.72056770324707
      },
      "gyro": {
        "std_xyz_dps": [
          27.81863021850586,
          28.719940185546875,
          30.34396743774414
        ],
        "std_norm_dps": 50.19429864433125,
        "mean_xyz_dps": [
          7.007313251495361,
          3.6996967792510986,
          -15.61606216430664
        ],
        "ptp_xyz_dps": [
          143.2012176513672,
          175.9146270751953,
          180.3658447265625
        ],
        "std_xyz_rads": [
          0.4855267107486725,
          0.5012575387954712,
          0.5296021699905396
        ]
      },
      "n_samples": 300
    },
    "s3": {
      "accel": {
        "std_xyz": [
          2.8119423389434814,
          1.582026481628418,
          1.5334970951080322
        ],
        "std_norm": 3.5723159313201904,
        "mean_xyz": [
          0.8658154010772705,
          3.682039737701416,
          8.06784725189209
        ],
        "ptp_xyz": [
          19.17452621459961,
          9.4507474899292,
          11.079360961914062
        ],
        "mean_norm": 8.910511016845703
      },
      "gyro": {
        "std_xyz_dps": [
          33.52704620361328,
          51.61138153076172,
          51.44256591796875
        ],
        "std_norm_dps": 80.21306542390191,
        "mean_xyz_dps": [
          -5.053762435913086,
          -8.78414535522461,
          -9.58841323852539
        ],
        "ptp_xyz_dps": [
          267.1036682128906,
          706.0060424804688,
          417.1950988769531
        ],
        "std_xyz_rads": [
          0.5851573944091797,
          0.9007886052131653,
          0.8978422284126282
        ]
      },
      "n_samples": 300,
      "mag": {
        "std_xyz": [
          0.000133514404296875,
          0.000118255615234375,
          0.000213623046875
        ],
        "mean_xyz": [
          -50.70013427734375,
          40.95011901855469,
          71.40021514892578
        ],
        "mean_norm": 96.67164611816406
      }
    },
    "waveform_s3_az": [
      9.18250560760498,
      6.955137252807617,
      5.973178863525391,
      5.700146675109863,
      6.787485599517822,
      7.640112400054932,
      7.30001974105835,
      9.608819007873535,
      6.0210795402526855,
      8.028105735778809,
      10.111772537231445,
      7.132368564605713,
      8.83762264251709,
      8.195756912231445,
      6.533613681793213,
      4.804409503936768,
      5.685776710510254,
      7.5778422355651855,
      7.017407417297363,
      6.121670246124268,
      6.016289234161377,
      5.067861557006836,
      4.90500020980835,
      5.087021827697754,
      6.418652534484863,
      7.774233818054199,
      8.880732536315918,
      10.303374290466309,
      10.015972137451172,
      10.715317726135254,
      9.824370384216309,
      9.920171737670898,
      8.416098594665527,
      7.917934894561768,
      7.386240482330322,
      4.833149433135986,
      3.879931688308716,
      4.675078392028809,
      5.84863805770874,
      5.992339134216309,
      6.049819469451904,
      6.073769569396973,
      6.452182769775391,
      6.7395853996276855,
      7.529941558837891,
      7.755073547363281,
      8.5023193359375,
      7.980205535888672,
      7.501201629638672,
      6.730005264282227,
      6.667734622955322,
      8.406518936157227,
      8.95737361907959,
      7.640112400054932,
      4.991220951080322,
      5.345684051513672,
      7.175478935241699,
      8.042475700378418,
      7.343130111694336,
      8.35861873626709,
      8.9813232421875,
      8.047266006469727,
      6.8593363761901855,
      6.10250997543335,
      5.958808898925781,
      7.9370951652526855,
      7.429350852966309,
      9.431587219238281,
      9.44595718383789,
      10.025551795959473,
      7.860454559326172,
      7.036567687988281,
      8.277188301086426,
      9.254355430603027,
      9.278306007385254,
      10.202783584594727,
      10.533296585083008,
      10.566826820373535,
      7.185059070587158,
      4.454736709594727,
      5.60913610458374,
      8.396939277648926,
      9.627979278564453,
      8.483160018920898,
      7.731123447418213,
      8.885522842407227,
      10.15488338470459,
      9.651928901672363,
      9.225615501403809,
      9.786049842834473,
      10.772798538208008,
      10.562036514282227,
      11.357183456420898,
      10.605147361755371,
      9.79563045501709,
      8.765771865844727,
      8.535849571228027,
      6.792275905609131,
      6.782695770263672,
      7.8269243240356445
    ],