{
  "label": "breadboard",
  "timestamp": "2026-06-28T23:22:17.789562",
  "sample_rate_hz": 85,
  "sensors": {
    "s1": {
      "accel": {
        "std_xyz": [
          0.09086312353610992,
          0.11284629255533218,
          0.10535605251789093
        ],
        "std_norm": 0.17913763225078583,
        "mean_xyz": [
          5.419960975646973,
          -2.1780946254730225,
          10.75483512878418
        ],
        "ptp_xyz": [
          0.5436692237854004,
          0.6466553211212158,
          0.5628299713134766
        ],
        "mean_norm": 12.238731384277344
      },
      "gyro": {
        "std_xyz_dps": [
          1.6484743356704712,
          1.6049880981445312,
          1.1135700941085815
        ],
        "std_norm_dps": 2.5560698039435112,
        "mean_xyz_dps": [
          -1.7974591255187988,
          -1.3140239715576172,
          -0.9190039038658142
        ],
        "ptp_xyz_dps": [
          10.945121765136719,
          7.591463088989258,
          8.20121955871582
        ],
        "std_xyz_rads": [
          0.028771307319402695,
          0.02801232784986496,
          0.019435465335845947
        ]
      },
      "n_samples": 300
    },
    "s2": {
      "accel": {
        "std_xyz": [
          0.08523032069206238,
          0.09901778399944305,
          0.13186633586883545
        ],
        "std_norm": 0.18562720715999603,
        "mean_xyz": [
          1.86255943775177,
          -6.145470142364502,
          5.331264495849609
        ],
        "ptp_xyz": [
          0.4837939739227295,
          0.7137160301208496,
          0.7448511123657227
        ],
        "mean_norm": 8.346155166625977
      },
      "gyro": {
        "std_xyz_dps": [
          1.965532660484314,
          1.5150251388549805,
          0.7710634469985962
        ],
        "std_norm_dps": 2.598684207948867,
        "mean_xyz_dps": [
          5.773678302764893,
          4.213922500610352,
          -0.26819103956222534
        ],
        "ptp_xyz_dps": [
          14.878047943115234,
          8.719511032104492,
          4.237804889678955
        ],
        "std_xyz_rads": [
          0.034305017441511154,
          0.02644217759370804,
          0.01345759630203247
        ]
      },
      "n_samples": 300
    },
    "s3": {
      "accel": {
        "std_xyz": [
          0.19089068472385406,
          0.18886561691761017,
          0.21718744933605194
        ],
        "std_norm": 0.3453691601753235,
        "mean_xyz": [
          3.4151854515075684,
          3.713526964187622,
          7.611261367797852
        ],
        "ptp_xyz": [
          1.1208691596984863,
          1.0825488567352295,
          1.475332260131836
        ],
        "mean_norm": 9.131542205810547
      },
      "gyro": {
        "std_xyz_dps": [
          2.60528302192688,
          2.0392794609069824,
          2.281275749206543
        ],
        "std_norm_dps": 4.018753960928096,
        "mean_xyz_dps": [
          -0.6666669249534607,
          -0.2682928740978241,
          -0.2948170602321625
        ],
        "ptp_xyz_dps": [
          15.914633750915527,
          11.09756088256836,
          14.603657722473145
        ],
        "std_xyz_rads": [
          0.045470770448446274,
          0.03559214249253273,
          0.03981577605009079
        ]
      },
      "n_samples": 300,
      "mag": {
        "std_xyz": [
          2.3365020751953125e-05,
          1.71661376953125e-05,
          0.000141143798828125
        ],
        "mean_xyz": [
          -7.800023555755615,
          30.89998435974121,
          54.299861907958984
        ],
        "mean_norm": 62.9612922668457
      }
    },
    "waveform_s3_az": [
      7.573051929473877,
      7.893984794616699,
      7.798183917999268,
      7.721543312072754,
      7.865244388580322,
      7.501201629638672,
      7.510781764984131,
      7.64490270614624,
      7.721543312072754,
      7.668852806091309,
      7.913145065307617,
      8.195756912231445,
      7.8365044593811035,
      7.323969841003418,
      7.314390182495117,
      7.256909370422363,
      7.041357517242432,
      7.563471794128418,
      7.774233818054199,
      8.028105735778809,
      8.0137357711792,
      8.334668159484863,
      7.783813953399658,
      7.352710247039795,
      7.5970025062561035,
      7.65927267074585,
      7.8173441886901855,
      8.00894546508789,
      7.688013076782227,
      7.755073547363281,
      8.114326477050781,
      7.860454559326172,
      7.4580912590026855,
      7.582632064819336,
      7.424561023712158,
      7.740703582763672,
      7.793394088745117,
      7.276069641113281,
      6.935976982116699,
      7.549101829528809,
      7.77902364730835,
      7.553892135620117,
      7.4580912590026855,
      7.515571594238281,
      7.678432941436768,
      7.855664253234863,
      7.424561023712158,
      7.544312000274658,
      7.702383041381836,
      7.395820617675781,
      7.501201629638672,
      7.601792335510254,
      7.755073547363281,
      8.12869644165039,
      7.731123447418213,
      7.486831188201904,
      7.606582164764404,
      7.30001974105835,
      7.122788429260254,
      7.376660346984863,
      7.333549976348877,
      7.635322570800781,
      7.798183917999268,
      7.64490270614624,
      7.30001974105835,
      7.486831188201904,
      7.640112400054932,
      7.414980888366699,
      7.3383402824401855,
      7.702383041381836,
      7.831714153289795,
      7.951465129852295,
      7.740703582763672,
      7.7167534828186035,
      7.6975932121276855,
      7.501201629638672,
      7.889194488525391,
      7.8365044593811035,
      7.850874423980713,
      7.759863376617432,
      7.601792335510254,
      7.424561023712158,
      7.434141159057617,
      7.486831188201904,
      7.649692535400391,
      7.692802906036377,
      7.620952606201172,
      7.668852806091309,
      7.64490270614624,
      7.783813953399658,
      8.10474681854248,
      7.606582164764404,
      6.935976982116699,
      7.295229911804199,
      7.491621494293213,
      7.381450653076172,
      7.122788429260254,
      7.582632064819336,
      7.8365044593811035,
      7.9370951652526855
    ],