{
  "label": "breadboard",
  "timestamp": "2026-06-28T23:39:55.016309",
  "sample_rate_hz": 85,
  "sensors": {
    "s1": {
      "accel": {
        "std_xyz": [
          0.7795928716659546,
          0.6230148077011108,
          0.624819815158844
        ],
        "std_norm": 1.1774176359176636,
        "mean_xyz": [
          3.2550230026245117,
          -1.5622634887695312,
          11.847795486450195
        ],
        "ptp_xyz": [
          4.617597579956055,
          3.693120241165161,
          6.401886940002441
        ],
        "mean_norm": 12.385721206665039
      },
      "gyro": {
        "std_xyz_dps": [
          8.936203002929688,
          12.579212188720703,
          4.67748498916626
        ],
        "std_norm_dps": 16.12362288494078,
        "mean_xyz_dps": [
          -1.0101630687713623,
          1.5962400436401367,
          -2.4357717037200928
        ],
        "ptp_xyz_dps": [
          74.35975646972656,
          137.71340942382812,
          36.46341323852539
        ],
        "std_xyz_rads": [
          0.15596617758274078,
          0.21954868733882904,
          0.08163751661777496
        ]
      },
      "n_samples": 300
    },
    "s2": {
      "accel": {
        "std_xyz": [
          0.7560663819313049,
          0.5942702889442444,
          0.514393150806427
        ],
        "std_norm": 1.0905933380126953,
        "mean_xyz": [
          -0.00697749387472868,
          -5.954667568206787,
          5.4768500328063965
        ],
        "ptp_xyz": [
          3.4176931381225586,
          5.022356033325195,
          4.533771991729736
        ],
        "mean_norm": 8.090364456176758
      },
      "gyro": {
        "std_xyz_dps": [
          8.005537986755371,
          10.1041898727417,
          4.6886444091796875
        ],
        "std_norm_dps": 13.717386513933013,
        "mean_xyz_dps": [
          6.77509880065918,
          7.374183654785156,
          -0.5584345459938049
        ],
        "ptp_xyz_dps": [
          57.560970306396484,
          84.20731353759766,
          35.82316970825195
        ],
        "std_xyz_rads": [
          0.139723002910614,
          0.176351398229599,
          0.08183228969573975
        ]
      },
      "n_samples": 300
    },
    "s3": {
      "accel": {
        "std_xyz": [
          0.6920612454414368,
          0.6156969666481018,
          0.6746813654899597
        ],
        "std_norm": 1.1459609270095825,
        "mean_xyz": [
          2.778127431869507,
          2.5392160415649414,
          8.30709457397461
        ],
        "ptp_xyz": [
          4.612807750701904,
          3.7458107471466064,
          6.710845470428467
        ],
        "mean_norm": 9.119946479797363
      },
      "gyro": {
        "std_xyz_dps": [
          8.660608291625977,
          8.236738204956055,
          8.941544532775879
        ],
        "std_norm_dps": 14.9265280725112,
        "mean_xyz_dps": [
          -0.6586376428604126,
          0.824593722820282,
          -3.359450340270996
        ],
        "ptp_xyz_dps": [
          73.29267883300781,
          62.2560920715332,
          79.08536529541016
        ],
        "std_xyz_rads": [
          0.15115614235401154,
          0.14375820755958557,
          0.1560593992471695
        ]
      },
      "n_samples": 300,
      "mag": {
        "std_xyz": [
          2.3365020751953125e-05,
          1.71661376953125e-05,
          0.000141143798828125
        ],
        "mean_xyz": [
          -7.800023555755615,
          30.89998435974121,
          54.299861907958984
        ],
        "mean_norm": 62.9612922668457
      }
    },
    "waveform_s3_az": [
      8.4927396774292,
      8.655600547790527,
      8.7418212890625,
      8.899892807006836,
      8.420888900756836,
      7.9370951652526855,
      8.214917182922363,
      8.497529983520508,
      8.272397994995117,
      7.654482841491699,
      7.640112400054932,
      8.291558265686035,
      8.693921089172363,
      8.291558265686035,
      7.984995365142822,
      8.085586547851562,
      8.243657112121582,
      8.35861873626709,
      8.444839477539062,
      8.152647018432617,
      8.190967559814453,
      8.037686347961426,
      8.12869644165039,
      8.004155158996582,
      7.870034694671631,
      8.511899948120117,
      8.722661972045898,
      8.416098594665527,
      8.363408088684082,
      8.531060218811035,
      8.3729887008667,
      8.061635971069336,
      7.99936580657959,
      7.774233818054199,
      8.037686347961426,
      8.258028030395508,
      8.147856712341309,
      8.14306640625,
      8.281977653503418,
      9.034013748168945,
      8.976533889770508,
      8.770562171936035,
      8.454419136047363,
      8.631650924682617,
      9.110654830932617,
      8.832832336425781,
      8.578960418701172,
      8.037686347961426,
      8.14306640625,
      8.14306640625,
      8.11911678314209,
      7.76465368270874,
      7.745493412017822,
      7.961045265197754,
      7.76465368270874,
      8.24844741821289,
      8.214917182922363,
      8.176596641540527,
      8.377779006958008,
      8.885522842407227,
      9.412426948547363,
      10.2890043258667,
      11.103310585021973,
      11.438613891601562,
      12.066108703613281,
      12.142749786376953,
      11.879297256469727,
      10.097402572631836,
      7.8173441886901855,
      7.127578258514404,
      7.357500076293945,
      7.04614782333374,
      6.730005264282227,
      6.792275905609131,
      7.127578258514404,
      7.4772515296936035,
      7.870034694671631,
      7.9562554359436035,
      8.032896041870117,
      7.606582164764404,
      7.256909370422363,
      7.640112400054932,
      8.406518936157227,
      8.713081359863281,
      7.759863376617432,
      6.854546070098877,
      6.710844993591309,
      6.217471122741699,
      5.431904315948486,
      5.96838903427124,
      6.706055164337158,
      7.711963176727295,
      8.828042030334473,
      8.871152877807617,
      8.789722442626953,
      8.646020889282227,
      8.171807289123535,
      8.085586547851562,
      8.377779006958008,
      8.8519926071167
    ],