{
  "label": "breadboard",
  "timestamp": "2026-06-28T22:51:31.394019",
  "sample_rate_hz": 85,
  "sensors": {
    "s1": {
      "accel": {
        "std_xyz": [
          2.2225265502929688,
          1.2902647256851196,
          5.487924575805664
        ],
        "std_norm": 6.059844970703125,
        "mean_xyz": [
          7.656900882720947,
          -3.368501901626587,
          1.8677641153335571
        ],
        "ptp_xyz": [
          11.239827156066895,
          7.165898323059082,
          24.90341567993164
        ],
        "mean_norm": 8.571084022521973
      },
      "gyro": {
        "std_xyz_dps": [
          31.536497116088867,
          98.6782455444336,
          32.07014083862305
        ],
        "std_norm_dps": 108.44557039587959,
        "mean_xyz_dps": [
          -0.9758126139640808,
          16.61981201171875,
          -11.404574394226074
        ],
        "ptp_xyz_dps": [
          172.4085235595703,
          613.5975341796875,
          190.97560119628906
        ],
        "std_xyz_rads": [
          0.5504157543182373,
          1.7222603559494019,
          0.5597295761108398
        ]
      },
      "n_samples": 300
    },
    "s2": {
      "accel": {
        "std_xyz": [
          2.9867711067199707,
          1.1645845174789429,
          5.1253275871276855
        ],
        "std_norm": 6.045332431793213,
        "mean_xyz": [
          7.039655685424805,
          -5.886814117431641,
          -2.134601354598999
        ],
        "ptp_xyz": [
          14.753320693969727,
          8.67236614227295,
          17.3638916015625
        ],
        "mean_norm": 9.421669960021973
      },
      "gyro": {
        "std_xyz_dps": [
          43.22022247314453,
          102.14183044433594,
          33.29740905761719
        ],
        "std_norm_dps": 115.80007903752836,
        "mean_xyz_dps": [
          15.394914627075195,
          22.97103500366211,
          -6.982722282409668
        ],
        "ptp_xyz_dps": [
          299.8475341796875,
          570.8840942382812,
          174.51219177246094
        ],
        "std_xyz_rads": [
          0.7543352246284485,
          1.782711386680603,
          0.5811494588851929
        ]
      },
      "n_samples": 300
    },
    "s3": {
      "accel": {
        "std_xyz": [
          2.1799380779266357,
          4.692442417144775,
          4.144198894500732
        ],
        "std_norm": 6.6291422843933105,
        "mean_xyz": [
          5.938579559326172,
          -5.126378536224365,
          1.0674124956130981
        ],
        "ptp_xyz": [
          14.178516387939453,
          17.612974166870117,
          23.25564193725586
        ],
        "mean_norm": 7.917439937591553
      },
      "gyro": {
        "std_xyz_dps": [
          36.21943664550781,
          89.67314910888672,
          66.82424926757812
        ],
        "std_norm_dps": 117.5525553143919,
        "mean_xyz_dps": [
          2.3351619243621826,
          1.5003035068511963,
          -23.050504684448242
        ],
        "ptp_xyz_dps": [
          257.8658447265625,
          541.7987670898438,
          355.8536682128906
        ],
        "std_xyz_rads": [
          0.6321484446525574,
          1.565091848373413,
          1.166303277015686
        ]
      },
      "n_samples": 300,
      "mag": {
        "std_xyz": [
          2.3365020751953125e-05,
          1.71661376953125e-05,
          0.000141143798828125
        ],
        "mean_xyz": [
          -7.800023555755615,
          30.89998435974121,
          54.299861907958984
        ],
        "mean_norm": 62.9612922668457
      }
    },
    "waveform_s3_az": [
      5.292993545532227,
      5.537285327911377,
      5.767207145690918,
      5.005590915679932,
      5.446274757385254,
      4.866679668426514,
      5.235512733459473,
      4.018843173980713,
      3.0177247524261475,
      1.935175895690918,
      0.9819580316543579,
      1.9926563501358032,
      4.675078392028809,
      9.06275463104248,
      14.906601905822754,
      15.117363929748535,
      8.799302101135254,
      5.307363510131836,
      5.278623104095459,
      7.185059070587158,
      7.103628158569336,
      6.773115634918213,
      8.387358665466309,
      9.393266677856445,
      8.722661972045898,
      7.026987552642822,
      6.006709098815918,
      5.7815775871276855,
      5.824687957763672,
      4.339775562286377,
      3.482358455657959,
      3.750600814819336,
      5.211562633514404,
      4.028422832489014,
      3.6068994998931885,
      2.203418016433716,
      1.2597802877426147,
      1.580712914466858,
      2.5674610137939453,
      3.242856502532959,
      2.0357666015625,
      0.9053174257278442,
      0.019160157069563866,
      0.8717871308326721,
      -0.06227051094174385,
      -0.77598637342453,
      -1.7866846323013306,
      -1.336421012878418,
      -0.7999365329742432,
      -0.7520361542701721,
      -0.8382568955421448,
      0.05269043147563934,
      2.165097713470459,
      1.9064356088638306,
      0.7041357755661011,
      -0.08143066614866257,
      0.40715333819389343,
      0.8095166087150574,
      1.3795312643051147,
      1.0585986375808716,
      1.6046631336212158,
      0.7232959270477295,
      -0.15328125655651093,
      0.5460644960403442,
      0.3736230731010437,
      0.09101074934005737,
      0.2490820437669754,
      0.89573734998703,
      1.1879297494888306,
      1.1639795303344727,
      0.6897656321525574,
      0.268242210149765,
      0.3305127024650574,
      0.6849756240844727,
      1.6286133527755737,
      2.3614892959594727,
      2.0501368045806885,
      1.5280225276947021,
      0.4694238603115082,
      0.8286768198013306,
      0.8717871308326721,
      1.9447559118270874,
      1.7723145484924316,
      2.083667039871216,
      1.2454102039337158,
      0.728085994720459,
      0.43589356541633606,
      0.1389111429452896,
      0.4837939739227295,
      -0.10538086295127869,
      -0.5843847990036011,
      -0.5173242688179016,
      0.6227051019668579,
      0.5652246475219727,
      -0.3975732624530792,
      -1.686093807220459,
      -1.686093807220459,
      -1.07296884059906,
      -0.6753955483436584,
      -0.6897656321525574
    ],