{
  "label": "breadboard",
  "timestamp": "2026-06-29T00:07:39.752371",
  "sample_rate_hz": 85,
  "sensors": {
    "s1": {
      "accel": {
        "std_xyz": [
          0.0,
          0.0,
          0.0
        ],
        "std_norm": 0.0,
        "mean_xyz": [
          0.0,
          0.0,
          0.0
        ],
        "ptp_xyz": [
          0.0,
          0.0,
          0.0
        ],
        "mean_norm": 0.0
      },
      "gyro": {
        "std_xyz_dps": [
          0.0,
          0.0,
          0.0
        ],
        "std_norm_dps": 0.0,
        "mean_xyz_dps": [
          0.0,
          0.0,
          0.0
        ],
        "ptp_xyz_dps": [
          0.0,
          0.0,
          0.0
        ],
        "std_xyz_rads": [
          0.0,
          0.0,
          0.0
        ]
      },
      "n_samples": 300
    },
    "s2": {
      "accel": {
        "std_xyz": [
          0.1370067596435547,
          0.12764930725097656,
          0.14441224932670593
        ],
        "std_norm": 0.23647430539131165,
        "mean_xyz": [
          3.939753532409668,
          -3.6372692584991455,
          5.902927875518799
        ],
        "ptp_xyz": [
          0.9699828624725342,
          0.7089259624481201,
          1.427431583404541
        ],
        "mean_norm": 7.974706649780273
      },
      "gyro": {
        "std_xyz_dps": [
          3.0584757328033447,
          3.325665235519409,
          1.7641786336898804
        ],
        "std_norm_dps": 4.85042810323329,
        "mean_xyz_dps": [
          5.045122146606445,
          4.592986583709717,
          -0.42896345257759094
        ],
        "ptp_xyz_dps": [
          23.871950149536133,
          31.64634132385254,
          11.189023971557617
        ],
        "std_xyz_rads": [
          0.05338047444820404,
          0.05804381147027016,
          0.030790727585554123
        ]
      },
      "n_samples": 300
    },
    "s3": {
      "accel": {
        "std_xyz": [
          0.31009379029273987,
          0.4233795404434204,
          0.3894678056240082
        ],
        "std_norm": 0.6535239815711975,
        "mean_xyz": [
          4.316765785217285,
          2.424255847930908,
          7.77349853515625
        ],
        "ptp_xyz": [
          2.1507277488708496,
          2.3614892959594727,
          2.3423285484313965
        ],
        "mean_norm": 9.216222763061523
      },
      "gyro": {
        "std_xyz_dps": [
          8.638763427734375,
          3.9146177768707275,
          3.6683766841888428
        ],
        "std_norm_dps": 10.169044329729799,
        "mean_xyz_dps": [
          -2.4558944702148438,
          0.7168698906898499,
          0.13394303619861603
        ],
        "ptp_xyz_dps": [
          63.018287658691406,
          26.85975456237793,
          26.0060977935791
        ],
        "std_xyz_rads": [
          0.15077488124370575,
          0.06832297146320343,
          0.06402525305747986
        ]
      },
      "n_samples": 300,
      "mag": {
        "std_xyz": [
          2.3365020751953125e-05,
          1.71661376953125e-05,
          0.000141143798828125
        ],
        "mean_xyz": [
          -7.800023555755615,
          30.89998435974121,
          54.299861907958984
        ],
        "mean_norm": 62.9612922668457
      }
    },
    "waveform_s3_az": [
      7.520361423492432,
      7.06051778793335,
      7.041357517242432,
      7.050937652587891,
      7.438930988311768,
      7.376660346984863,
      7.501201629638672,
      7.395820617675781,
      6.9790873527526855,
      7.017407417297363,
      7.2185893058776855,
      7.213798999786377,
      7.381450653076172,
      7.319180011749268,
      7.994575500488281,
      7.774233818054199,
      7.625742435455322,
      7.544312000274658,
      7.256909370422363,
      7.357500076293945,
      7.668852806091309,
      7.592212200164795,
      7.026987552642822,
      6.600674152374268,
      7.309599876403809,
      7.0988383293151855,
      6.80664587020874,
      7.050937652587891,
      7.549101829528809,
      7.573051929473877,
      7.865244388580322,
      8.401728630065918,
      7.482041358947754,
      8.076005935668945,
      7.376660346984863,
      7.199429035186768,
      6.801855564117432,
      7.242539405822754,
      7.640112400054932,
      7.702383041381836,
      8.071216583251953,
      8.574170112609863,
      8.871152877807617,
      8.272397994995117,
      7.434141159057617,
      7.8269243240356445,
      8.895102500915527,
      8.190967559814453,
      6.912026882171631,
      6.552773952484131,
      7.649692535400391,
      7.386240482330322,
      7.031777858734131,
      7.031777858734131,
      7.391030788421631,
      8.660390853881836,
      7.913145065307617,
      7.491621494293213,
      7.822134017944336,
      7.89877462387085,
      7.3383402824401855,
      7.453300952911377,
      7.975415229797363,
      8.401728630065918,
      7.970625400543213,
      7.740703582763672,
      7.793394088745117,
      7.654482841491699,
      7.865244388580322,
      8.339458465576172,
      8.507109642028809,
      7.65927267074585,
      7.606582164764404,
      7.5970025062561035,
      7.640112400054932,
      7.788603782653809,
      7.5874223709106445,
      8.095166206359863,
      8.190967559814453,
      8.555009841918945,
      8.099956512451172,
      7.616162300109863,
      7.812553882598877,
      8.032896041870117,
      7.812553882598877,
      8.056845664978027,
      7.975415229797363,
      7.462881088256836,
      7.5970025062561035,
      7.304810047149658,
      7.4580912590026855,
      8.578960418701172,
      8.84720230102539,
      8.401728630065918,
      7.841294288635254,
      7.563471794128418,
      7.664062976837158,
      7.30001974105835,
      7.400610446929932,
      8.052056312561035
    ],