{
  "label": "breadboard",
  "timestamp": "2026-06-28T22:42:09.502148",
  "sample_rate_hz": 85,
  "sensors": {
    "s1": {
      "accel": {
        "std_xyz": [
          0.03210637718439102,
          0.028064407408237457,
          0.03736100345849991
        ],
        "std_norm": 0.056694574654102325,
        "mean_xyz": [
          -6.365826606750488,
          -5.439983367919922,
          6.976414203643799
        ],
        "ptp_xyz": [
          0.28021717071533203,
          0.26824235916137695,
          0.2514767646789551
        ],
        "mean_norm": 10.898968696594238
      },
      "gyro": {
        "std_xyz_dps": [
          0.3572731912136078,
          0.7630608081817627,
          0.5482361316680908
        ],
        "std_norm_dps": 1.0052208181004618,
        "mean_xyz_dps": [
          -2.036686420440674,
          -1.13699209690094,
          -1.026828646659851
        ],
        "ptp_xyz_dps": [
          5.182926654815674,
          11.585365295410156,
          7.682926654815674
        ],
        "std_xyz_rads": [
          0.006235593929886818,
          0.013317923992872238,
          0.009568526409566402
        ]
      },
      "n_samples": 300
    },
    "s2": {
      "accel": {
        "std_xyz": [
          0.051628828048706055,
          0.02711961790919304,
          0.0450289212167263
        ],
        "std_norm": 0.073679119348526,
        "mean_xyz": [
          -8.512857437133789,
          -3.6669983863830566,
          -0.7554929852485657
        ],
        "ptp_xyz": [
          0.8119115829467773,
          0.19399666786193848,
          0.41912841796875
        ],
        "mean_norm": 9.299805641174316
      },
      "gyro": {
        "std_xyz_dps": [
          0.36700439453125,
          0.5077666640281677,
          0.4234074652194977
        ],
        "std_norm_dps": 0.7561700295687,
        "mean_xyz_dps": [
          5.49074649810791,
          4.47367525100708,
          -0.43597567081451416
        ],
        "ptp_xyz_dps": [
          4.2987799644470215,
          8.018292427062988,
          6.554877758026123
        ],
        "std_xyz_rads": [
          0.006405435502529144,
          0.008862200193107128,
          0.0073898546397686005
        ]
      },
      "n_samples": 300
    },
    "s3": {
      "accel": {
        "std_xyz": [
          0.0895969420671463,
          0.108790822327137,
          0.08493345230817795
        ],
        "std_norm": 0.16455014050006866,
        "mean_xyz": [
          -2.855517625808716,
          6.0312180519104,
          6.077188491821289
        ],
        "ptp_xyz": [
          0.8334667682647705,
          1.7627344131469727,
          0.8717870712280273
        ],
        "mean_norm": 9.025618553161621
      },
      "gyro": {
        "std_xyz_dps": [
          1.1942635774612427,
          1.5305958986282349,
          1.8629201650619507
        ],
        "std_norm_dps": 2.690624744036174,
        "mean_xyz_dps": [
          -0.9721542000770569,
          -0.020833339542150497,
          -0.44349586963653564
        ],
        "ptp_xyz_dps": [
          13.140243530273438,
          9.542681694030762,
          10.579267501831055
        ],
        "std_xyz_rads": [
          0.020843831822276115,
          0.026713939383625984,
          0.032514091581106186
        ]
      },
      "n_samples": 300,
      "mag": {
        "std_xyz": [
          2.3365020751953125e-05,
          1.71661376953125e-05,
          0.000141143798828125
        ],
        "mean_xyz": [
          -7.800023555755615,
          30.89998435974121,
          54.299861907958984
        ],
        "mean_norm": 62.9612922668457
      }
    },
    "waveform_s3_az": [
      6.016289234161377,
      6.145620346069336,
      6.107300281524658,
      6.1504106521606445,
      6.025869369506836,
      6.10250997543335,
      6.08814001083374,
      6.092929840087891,
      6.092929840087891,
      5.997128963470459,
      6.064189910888672,
      6.068979740142822,
      6.10250997543335,
      6.059399604797363,
      6.064189910888672,
      5.944438934326172,
      5.954018592834473,
      6.001919269561768,
      6.1408305168151855,
      6.073769569396973,
      6.083349704742432,
      6.045029640197754,
      6.0306596755981445,
      6.0306596755981445,
      6.045029640197754,
      6.068979740142822,
      5.992339134216309,
      6.059399604797363,
      6.10250997543335,
      6.131250381469727,
      6.097720146179199,
      6.116879940032959,
      6.0210795402526855,
      6.10250997543335,
      6.040239334106445,
      6.188730716705322,
      6.183940887451172,
      6.049819469451904,
      6.20789098739624,
      6.025869369506836,
      6.126460075378418,
      6.078559875488281,
      6.016289234161377,
      6.164780616760254,
      6.083349704742432,
      6.08814001083374,
      6.1408305168151855,
      6.159990310668945,
      6.092929840087891,
      6.054609775543213,
      6.1408305168151855,
      6.174360752105713,
      6.011499404907227,
      6.049819469451904,
      6.183940887451172,
      6.097720146179199,
      6.073769569396973,
      6.116879940032959,
      6.035449504852295,
      6.059399604797363,
      6.155200481414795,
      6.159990310668945,
      6.116879940032959,
      6.016289234161377,
      6.054609775543213,
      6.08814001083374,
      6.078559875488281,
      6.145620346069336,
      6.159990310668945,
      5.987549304962158,
      6.08814001083374,
      6.073769569396973,
      6.121670246124268,
      6.040239334106445,
      6.073769569396973,
      6.0306596755981445,
      6.011499404907227,
      6.064189910888672,
      6.1504106521606445,
      6.1408305168151855,
      6.126460075378418,
      6.183940887451172,
      6.169570446014404,
      6.121670246124268,
      6.025869369506836,
      6.121670246124268,
      6.073769569396973,
      6.083349704742432,
      6.10250997543335,
      6.073769569396973,
      6.08814001083374,
      6.0210795402526855,
      5.891748428344727,
      6.22226095199585,
      6.025869369506836,
      6.159990310668945,
      6.136040210723877,
      6.159990310668945,
      6.10250997543335,
      6.083349704742432
    ],