{
  "label": "breadboard",
  "timestamp": "2026-06-28T22:42:58.738870",
  "sample_rate_hz": 85,
  "sensors": {
    "s1": {
      "accel": {
        "std_xyz": [
          0.022882988676428795,
          0.023934567347168922,
          0.033099740743637085
        ],
        "std_norm": 0.04681973531842232,
        "mean_xyz": [
          -6.280699729919434,
          -5.485273838043213,
          7.040733814239502
        ],
        "ptp_xyz": [
          0.14849090576171875,
          0.16286134719848633,
          0.2371072769165039
        ],
        "mean_norm": 10.913631439208984
      },
      "gyro": {
        "std_xyz_dps": [
          0.23726963996887207,
          0.3174891173839569,
          0.23185190558433533
        ],
        "std_norm_dps": 0.4591857204937294,
        "mean_xyz_dps": [
          -2.061889886856079,
          -1.0632113218307495,
          -0.9498982429504395
        ],
        "ptp_xyz_dps": [
          1.9512195587158203,
          3.0182924270629883,
          1.7073169946670532
        ],
        "std_xyz_rads": [
          0.004141136538237333,
          0.0055412305518984795,
          0.004046579357236624
        ]
      },
      "n_samples": 300
    },
    "s2": {
      "accel": {
        "std_xyz": [
          0.02455904893577099,
          0.023779189214110374,
          0.0341218076646328
        ],
        "std_norm": 0.04830004647374153,
        "mean_xyz": [
          -8.4906644821167,
          -3.7132856845855713,
          -0.7124944925308228
        ],
        "ptp_xyz": [
          0.1748361587524414,
          0.1868114471435547,
          0.19878661632537842
        ],
        "mean_norm": 9.294488906860352
      },
      "gyro": {
        "std_xyz_dps": [
          0.1683868020772934,
          0.22953076660633087,
          0.19427591562271118
        ],
        "std_norm_dps": 0.344647130011465,
        "mean_xyz_dps": [
          5.5270256996154785,
          4.522149562835693,
          -0.41565045714378357
        ],
        "ptp_xyz_dps": [
          1.2499996423721313,
          1.6158536672592163,
          1.6158536672592163
        ],
        "std_xyz_rads": [
          0.002938904333859682,
          0.004006067756563425,
          0.003390754573047161
        ]
      },
      "n_samples": 300
    },
    "s3": {
      "accel": {
        "std_xyz": [
          0.06668709963560104,
          0.06637905538082123,
          0.06693826615810394
        ],
        "std_norm": 0.11547328531742096,
        "mean_xyz": [
          -2.85237193107605,
          6.052149772644043,
          6.06885290145874
        ],
        "ptp_xyz": [
          0.469423770904541,
          0.5412745475769043,
          0.3736233711242676
        ],
        "mean_norm": 9.033023834228516
      },
      "gyro": {
        "std_xyz_dps": [
          0.9263051748275757,
          1.4884783029556274,
          1.7829984426498413
        ],
        "std_norm_dps": 2.500538658444015,
        "mean_xyz_dps": [
          -1.1460363864898682,
          0.04308945685625076,
          -0.3526422381401062
        ],
        "ptp_xyz_dps": [
          5.396341323852539,
          7.926828384399414,
          10.54878044128418
        ],
        "std_xyz_rads": [
          0.01616707630455494,
          0.025978848338127136,
          0.031119195744395256
        ]
      },
      "n_samples": 300,
      "mag": {
        "std_xyz": [
          2.3365020751953125e-05,
          1.71661376953125e-05,
          0.000141143798828125
        ],
        "mean_xyz": [
          -7.800023555755615,
          30.89998435974121,
          54.299861907958984
        ],
        "mean_norm": 62.9612922668457
      }
    },
    "waveform_s3_az": [
      6.006709098815918,
      6.174360752105713,
      6.0306596755981445,
      6.107300281524658,
      5.977969169616699,
      6.0306596755981445,
      6.10250997543335,
      6.179150581359863,
      6.107300281524658,
      6.035449504852295,
      6.1504106521606445,
      6.092929840087891,
      6.116879940032959,
      6.049819469451904,
      6.064189910888672,
      6.049819469451904,
      6.049819469451904,
      6.016289234161377,
      6.121670246124268,
      6.107300281524658,
      6.068979740142822,
      6.10250997543335,
      6.059399604797363,
      6.107300281524658,
      6.006709098815918,
      6.006709098815918,
      6.025869369506836,
      6.183940887451172,
      6.121670246124268,
      6.10250997543335,
      6.145620346069336,
      5.977969169616699,
      6.054609775543213,
      6.035449504852295,
      6.025869369506836,
      6.121670246124268,
      5.987549304962158,
      6.10250997543335,
      6.083349704742432,
      6.016289234161377,
      6.121670246124268,
      6.040239334106445,
      6.059399604797363,
      6.092929840087891,
      6.078559875488281,
      6.169570446014404,
      6.078559875488281,
      6.08814001083374,
      6.0306596755981445,
      6.064189910888672,
      6.112090110778809,
      6.068979740142822,
      6.045029640197754,
      5.954018592834473,
      5.987549304962158,
      6.049819469451904,
      6.040239334106445,
      6.025869369506836,
      6.136040210723877,
      6.136040210723877,
      6.112090110778809,
      6.0306596755981445,
      6.116879940032959,
      6.025869369506836,
      6.011499404907227,
      6.155200481414795,
      6.001919269561768,
      6.198310852050781,
      5.96838903427124,
      6.092929840087891,
      6.035449504852295,
      6.164780616760254,
      6.116879940032959,
      6.097720146179199,
      6.097720146179199,
      6.025869369506836,
      5.977969169616699,
      6.112090110778809,
      5.973178863525391,
      6.025869369506836,
      6.0306596755981445,
      6.045029640197754,
      6.059399604797363,
      5.98275899887085,
      6.054609775543213,
      6.10250997543335,
      6.188730716705322,
      6.169570446014404,
      6.040239334106445,
      6.045029640197754,
      6.1504106521606445,
      6.107300281524658,
      6.2701616287231445,
      6.097720146179199,
      6.10250997543335,
      6.035449504852295,
      6.006709098815918,
      6.073769569396973,
      5.997128963470459,
      6.0210795402526855
    ],