{
  "label": "breadboard",
  "timestamp": "2026-06-24T20:07:30.259122",
  "sample_rate_hz": 85,
  "sensors": {
    "s1": {
      "accel": {
        "std_xyz": [
          0.6514182090759277,
          0.9312757849693298,
          0.5570321083068848
        ],
        "std_norm": 1.2656638622283936,
        "mean_xyz": [
          2.1656720638275146,
          -0.639445960521698,
          12.24427604675293
        ],
        "ptp_xyz": [
          3.930227041244507,
          5.549260139465332,
          4.052373886108398
        ],
        "mean_norm": 12.450756072998047
      },
      "gyro": {
        "std_xyz_dps": [
          17.719446182250977,
          15.284436225891113,
          10.447382926940918
        ],
        "std_norm_dps": 25.62695172815788,
        "mean_xyz_dps": [
          0.5121955275535583,
          -0.23495951294898987,
          -1.0033540725708008
        ],
        "ptp_xyz_dps": [
          110.64024353027344,
          100.82316589355469,
          93.44511413574219
        ],
        "std_xyz_rads": [
          0.3092626929283142,
          0.26676374673843384,
          0.18234123289585114
        ]
      },
      "n_samples": 300
    },
    "s2": {
      "accel": {
        "std_xyz": [
          0.6035633683204651,
          0.6620542407035828,
          0.5771629810333252
        ],
        "std_norm": 1.0657024383544922,
        "mean_xyz": [
          1.017085075378418,
          -6.004059791564941,
          5.465356826782227
        ],
        "ptp_xyz": [
          3.8535866737365723,
          4.8331499099731445,
          3.353027582168579
        ],
        "mean_norm": 8.182500839233398
      },
      "gyro": {
        "std_xyz_dps": [
          16.415647506713867,
          13.233004570007324,
          12.319732666015625
        ],
        "std_norm_dps": 24.420518339585605,
        "mean_xyz_dps": [
          7.556200981140137,
          5.201931476593018,
          -0.2635168433189392
        ],
        "ptp_xyz_dps": [
          108.993896484375,
          76.15853118896484,
          66.82926177978516
        ],
        "std_xyz_rads": [
          0.28650709986686707,
          0.23095950484275818,
          0.21501991152763367
        ]
      },
      "n_samples": 300
    },
    "s3": {
      "accel": {
        "std_xyz": [
          0.9338427186012268,
          0.8827099204063416,
          0.8041942715644836
        ],
        "std_norm": 1.5159047842025757,
        "mean_xyz": [
          2.1748054027557373,
          2.615680456161499,
          8.4310941696167
        ],
        "ptp_xyz": [
          7.151528835296631,
          5.412744045257568,
          7.3575005531311035
        ],
        "mean_norm": 9.091474533081055
      },
      "gyro": {
        "std_xyz_dps": [
          18.45404052734375,
          14.90572738647461,
          11.593953132629395
        ],
        "std_norm_dps": 26.403639859436712,
        "mean_xyz_dps": [
          1.890447974205017,
          0.6158535480499268,
          -0.049491751939058304
        ],
        "ptp_xyz_dps": [
          143.90243530273438,
          115.76219177246094,
          76.28048706054688
        ],
        "std_xyz_rads": [
          0.32208380103111267,
          0.26015403866767883,
          0.20235267281532288
        ]
      },
      "n_samples": 300,
      "mag": {
        "std_xyz": [
          0.0,
          0.000244140625,
          0.000164031982421875
        ],
        "mean_xyz": [
          -48.0,
          89.4002456665039,
          55.34983825683594
        ],
        "mean_norm": 115.58550262451172
      }
    },
    "waveform_s3_az": [
      9.364526748657227,
      9.072334289550781,
      9.014853477478027,
      9.0914945602417,
      8.856782913208008,
      7.692802906036377,
      5.479804992675781,
      7.951465129852295,
      8.052056312561035,
      8.804092407226562,
      8.617280960083008,
      9.297466278076172,
      9.350156784057617,
      9.134604454040527,
      8.899892807006836,
      8.789722442626953,
      9.057964324951172,
      8.95737361907959,
      8.578960418701172,
      8.210126876831055,
      8.535849571228027,
      8.60770034790039,
      8.72745132446289,
      8.349038124084473,
      8.842412948608398,
      8.540639877319336,
      8.569379806518555,
      8.36819839477539,
      9.134604454040527,
      9.66150951385498,
      9.053174018859863,
      8.286767959594727,
      8.076005935668945,
      8.099956512451172,
      8.325088500976562,
      9.493857383728027,
      10.05908203125,
      8.947793006896973,
      8.669971466064453,
      8.789722442626953,
      8.919053077697754,
      9.498647689819336,
      9.632768630981445,
      9.244775772094727,
      8.818462371826172,
      8.804092407226562,
      8.416098594665527,
      8.46399974822998,
      8.689130783081055,
      8.95737361907959,
      8.550220489501953,
      9.067543983459473,
      9.350156784057617,
      8.861572265625,
      8.473579406738281,
      7.5874223709106445,
      7.917934894561768,
      8.066426277160645,
      8.14306640625,
      8.58375072479248,
      8.684341430664062,
      8.909473419189453,
      9.378896713256836,
      9.958491325378418,
      10.365645408630371,
      10.15488338470459,
      9.249566078186035,
      9.024434089660645,
      8.794511795043945,
      8.760981559753418,
      8.095166206359863,
      7.4772515296936035,
      7.721543312072754,
      8.167016983032227,
      8.085586547851562,
      8.473579406738281,
      8.70350170135498,
      8.708291053771973,
      8.411309242248535,
      7.855664253234863,
      7.913145065307617,
      8.23886775970459,
      8.722661972045898,
      9.153764724731445,
      8.660390853881836,
      8.095166206359863,
      7.395820617675781,
      7.074888229370117,
      7.199429035186768,
      7.7167534828186035,
      8.459209442138672,
      8.871152877807617,
      9.019643783569336,
      9.522598266601562,
      9.762100219726562,
      9.3309965133667,
      8.684341430664062,
      8.004155158996582,
      8.952583312988281,
      9.364526748657227
    ],