{
  "label": "breadboard",
  "timestamp": "2026-06-24T19:56:13.327084",
  "sample_rate_hz": 85,
  "sensors": {
    "s1": {
      "accel": {
        "std_xyz": [
          0.1610262542963028,
          0.09282177686691284,
          0.06538742780685425
        ],
        "std_norm": 0.19703008234500885,
        "mean_xyz": [
          -0.7152245044708252,
          -2.433905601501465,
          12.05207633972168
        ],
        "ptp_xyz": [
          0.967587947845459,
          0.47900390625,
          0.4215230941772461
        ],
        "mean_norm": 12.316167831420898
      },
      "gyro": {
        "std_xyz_dps": [
          1.8012467622756958,
          2.6540069580078125,
          0.9924592971801758
        ],
        "std_norm_dps": 3.357561553749831,
        "mean_xyz_dps": [
          -2.2635161876678467,
          -0.7793701887130737,
          -0.9458335638046265
        ],
        "ptp_xyz_dps": [
          15.426828384399414,
          16.4939022064209,
          8.59756088256836
        ],
        "std_xyz_rads": [
          0.03143768757581711,
          0.04632116109132767,
          0.01732168346643448
        ]
      },
      "n_samples": 300
    },
    "s2": {
      "accel": {
        "std_xyz": [
          0.13368302583694458,
          0.09067732095718384,
          0.11095353960990906
        ],
        "std_norm": 0.19596993923187256,
        "mean_xyz": [
          0.10834276676177979,
          -5.791844367980957,
          5.592513084411621
        ],
        "ptp_xyz": [
          0.7927514910697937,
          0.529299259185791,
          0.7328758239746094
        ],
        "mean_norm": 8.051918983459473
      },
      "gyro": {
        "std_xyz_dps": [
          1.7661302089691162,
          1.8554186820983887,
          1.1018527746200562
        ],
        "std_norm_dps": 2.7885254739479635,
        "mean_xyz_dps": [
          5.472053050994873,
          4.79857873916626,
          -0.3815041482448578
        ],
        "ptp_xyz_dps": [
          11.128047943115234,
          10.27439022064209,
          7.286585330963135
        ],
        "std_xyz_rads": [
          0.03082478791475296,
          0.03238316625356674,
          0.019230959936976433
        ]
      },
      "n_samples": 300
    },
    "s3": {
      "accel": {
        "std_xyz": [
          0.28244468569755554,
          0.17795133590698242,
          0.2726040780544281
        ],
        "std_norm": 0.43099263310432434,
        "mean_xyz": [
          0.6116560101509094,
          2.0115604400634766,
          8.868120193481445
        ],
        "ptp_xyz": [
          2.0022363662719727,
          1.2837306261062622,
          2.1076173782348633
        ],
        "mean_norm": 9.113948822021484
      },
      "gyro": {
        "std_xyz_dps": [
          3.241943597793579,
          2.8804519176483154,
          2.917283773422241
        ],
        "std_norm_dps": 5.226638337812178,
        "mean_xyz_dps": [
          -0.7045729756355286,
          0.005386234261095524,
          -0.6811994314193726
        ],
        "ptp_xyz_dps": [
          19.999998092651367,
          17.530488967895508,
          16.40243911743164
        ],
        "std_xyz_rads": [
          0.05658259242773056,
          0.05027337372303009,
          0.05091620981693268
        ]
      },
      "n_samples": 300,
      "mag": {
        "std_xyz": [
          0.0,
          0.000244140625,
          0.000164031982421875
        ],
        "mean_xyz": [
          -48.0,
          89.4002456665039,
          55.34983825683594
        ],
        "mean_norm": 115.58550262451172
      }
    },
    "waveform_s3_az": [
      8.7322416305542,
      8.593330383300781,
      8.84720230102539,
      9.18250560760498,
      9.014853477478027,
      9.3309965133667,
      8.84720230102539,
      8.871152877807617,
      9.057964324951172,
      8.804092407226562,
      8.818462371826172,
      8.751401901245117,
      9.19687557220459,
      8.9717435836792,
      8.885522842407227,
      8.689130783081055,
      8.794511795043945,
      8.7418212890625,
      8.617280960083008,
      8.976533889770508,
      9.201665878295898,
      9.168134689331055,
      9.283096313476562,
      9.134604454040527,
      8.655600547790527,
      8.59812068939209,
      8.722661972045898,
      8.995694160461426,
      9.30225658416748,
      9.139394760131836,
      8.684341430664062,
      9.07712459564209,
      9.053174018859863,
      8.34424877166748,
      8.521479606628418,
      8.392148971557617,
      8.746611595153809,
      10.26026439666748,
      9.714200019836426,
      8.444839477539062,
      9.048383712768555,
      8.593330383300781,
      8.46399974822998,
      8.8519926071167,
      8.521479606628418,
      8.770562171936035,
      9.034013748168945,
      8.923843383789062,
      8.952583312988281,
      9.072334289550781,
      9.263936042785645,
      9.307045936584473,
      8.880732536315918,
      8.46399974822998,
      9.096284866333008,
      8.962163925170898,
      8.794511795043945,
      8.794511795043945,
      8.540639877319336,
      8.938213348388672,
      8.842412948608398,
      8.899892807006836,
      9.010064125061035,
      9.441167831420898,
      9.139394760131836,
      8.545430183410645,
      8.420888900756836,
      8.229287147521973,
      9.273515701293945,
      9.527388572692871,
      8.861572265625,
      8.914262771606445,
      8.995694160461426,
      8.650811195373535,
      8.535849571228027,
      8.919053077697754,
      9.513017654418945,
      9.369317054748535,
      8.296347618103027,
      8.578960418701172,
      8.813672065734863,
      8.689130783081055,
      8.828042030334473,
      9.517807960510254,
      8.789722442626953,
      8.7322416305542,
      8.511899948120117,
      8.674760818481445,
      8.84720230102539,
      9.057964324951172,
      8.828042030334473,
      8.545430183410645,
      8.602910995483398,
      9.115445137023926,
      9.129815101623535,
      8.70350170135498,
      9.067543983459473,
      9.187294960021973,
      8.962163925170898,
      8.765771865844727
    ],