{
  "label": "breadboard",
  "timestamp": "2026-06-28T23:41:23.032341",
  "sample_rate_hz": 85,
  "sensors": {
    "s1": {
      "accel": {
        "std_xyz": [
          0.0,
          0.0,
          0.0
        ],
        "std_norm": 0.0,
        "mean_xyz": [
          0.0,
          0.0,
          0.0
        ],
        "ptp_xyz": [
          0.0,
          0.0,
          0.0
        ],
        "mean_norm": 0.0
      },
      "gyro": {
        "std_xyz_dps": [
          0.0,
          0.0,
          0.0
        ],
        "std_norm_dps": 0.0,
        "mean_xyz_dps": [
          0.0,
          0.0,
          0.0
        ],
        "ptp_xyz_dps": [
          0.0,
          0.0,
          0.0
        ],
        "std_xyz_rads": [
          0.0,
          0.0,
          0.0
        ]
      },
      "n_samples": 300
    },
    "s2": {
      "accel": {
        "std_xyz": [
          1.0990204811096191,
          0.9705297350883484,
          0.5984801650047302
        ],
        "std_norm": 1.5836516618728638,
        "mean_xyz": [
          0.27177074551582336,
          -5.143984794616699,
          5.829494476318359
        ],
        "ptp_xyz": [
          6.98627233505249,
          5.515730381011963,
          4.469106674194336
        ],
        "mean_norm": 7.779295921325684
      },
      "gyro": {
        "std_xyz_dps": [
          21.912817001342773,
          30.084850311279297,
          17.98257827758789
        ],
        "std_norm_dps": 41.33573453612147,
        "mean_xyz_dps": [
          4.218902111053467,
          6.157821178436279,
          -4.240751266479492
        ],
        "ptp_xyz_dps": [
          140.48780822753906,
          217.28659057617188,
          110.30487060546875
        ],
        "std_xyz_rads": [
          0.38245081901550293,
          0.5250797271728516,
          0.31385520100593567
        ]
      },
      "n_samples": 300
    },
    "s3": {
      "accel": {
        "std_xyz": [
          1.6235640048980713,
          1.1482558250427246,
          0.8456334471702576
        ],
        "std_norm": 2.1609137058258057,
        "mean_xyz": [
          3.292066812515259,
          3.9534435272216797,
          7.335477828979492
        ],
        "ptp_xyz": [
          8.190967559814453,
          6.092929840087891,
          5.86300802230835
        ],
        "mean_norm": 8.959724426269531
      },
      "gyro": {
        "std_xyz_dps": [
          17.944581985473633,
          20.709259033203125,
          31.27451515197754
        ],
        "std_norm_dps": 41.5809690631762,
        "mean_xyz_dps": [
          -0.3318089544773102,
          -0.8881097435951233,
          -5.904165267944336
        ],
        "ptp_xyz_dps": [
          149.90853881835938,
          131.1585235595703,
          222.59146118164062
        ],
        "std_xyz_rads": [
          0.3131920397281647,
          0.36144477128982544,
          0.5458433032035828
        ]
      },
      "n_samples": 300,
      "mag": {
        "std_xyz": [
          2.3365020751953125e-05,
          1.71661376953125e-05,
          0.000141143798828125
        ],
        "mean_xyz": [
          -7.800023555755615,
          30.89998435974121,
          54.299861907958984
        ],
        "mean_norm": 62.9612922668457
      }
    },
    "waveform_s3_az": [
      7.5874223709106445,
      7.491621494293213,
      7.989785671234131,
      7.841294288635254,
      6.667734622955322,
      6.255791187286377,
      7.137158393859863,
      8.473579406738281,
      8.708291053771973,
      8.531060218811035,
      7.304810047149658,
      7.352710247039795,
      6.854546070098877,
      6.20789098739624,
      6.423442840576172,
      7.328760147094727,
      7.558681964874268,
      8.0137357711792,
      7.889194488525391,
      7.434141159057617,
      7.232959270477295,
      7.094048023223877,
      7.271279811859131,
      7.209009170532227,
      7.266489505767822,
      7.486831188201904,
      8.181386947631836,
      7.9562554359436035,
      7.381450653076172,
      7.242539405822754,
      7.568262100219727,
      7.625742435455322,
      7.750283718109131,
      7.65927267074585,
      7.807764053344727,
      7.951465129852295,
      7.491621494293213,
      6.916816711425781,
      6.610254287719727,
      7.486831188201904,
      7.247329235076904,
      7.261699676513672,
      7.453300952911377,
      7.371870517730713,
      6.844965934753418,
      7.04614782333374,
      7.170688629150391,
      6.840176105499268,
      6.480923175811768,
      6.298901557922363,
      6.246211051940918,
      5.958808898925781,
      6.547983646392822,
      7.141948699951172,
      7.529941558837891,
      7.280859470367432,
      7.7167534828186035,
      7.280859470367432,
      7.280859470367432,
      7.429350852966309,
      7.2185893058776855,
      6.935976982116699,
      7.242539405822754,
      7.711963176727295,
      7.017407417297363,
      6.734795093536377,
      6.82101583480835,
      6.025869369506836,
      5.680986404418945,
      5.470224857330322,
      5.537285327911377,
      5.240303039550781,
      5.24988317489624,
      5.891748428344727,
      6.241421222686768,
      6.902446746826172,
      7.3479204177856445,
      8.095166206359863,
      7.132368564605713,
      6.46176290512085,
      6.107300281524658,
      6.547983646392822,
      7.237749099731445,
      7.77902364730835,
      8.334668159484863,
      8.626860618591309,
      8.12869644165039,
      7.117998123168945,
      7.386240482330322,
      6.9790873527526855,
      7.855664253234863,
      7.381450653076172,
      7.391030788421631,
      7.089258193969727,
      7.505991458892822,
      8.526269912719727,
      8.286767959594727,
      7.961045265197754,
      7.9370951652526855,
      7.9466753005981445
    ],