{
  "label": "breadboard",
  "timestamp": "2026-06-28T23:56:06.028551",
  "sample_rate_hz": 85,
  "sensors": {
    "s1": {
      "accel": {
        "std_xyz": [
          0.0,
          0.0,
          0.0
        ],
        "std_norm": 0.0,
        "mean_xyz": [
          0.0,
          0.0,
          0.0
        ],
        "ptp_xyz": [
          0.0,
          0.0,
          0.0
        ],
        "mean_norm": 0.0
      },
      "gyro": {
        "std_xyz_dps": [
          0.0,
          0.0,
          0.0
        ],
        "std_norm_dps": 0.0,
        "mean_xyz_dps": [
          0.0,
          0.0,
          0.0
        ],
        "ptp_xyz_dps": [
          0.0,
          0.0,
          0.0
        ],
        "std_xyz_rads": [
          0.0,
          0.0,
          0.0
        ]
      },
      "n_samples": 300
    },
    "s2": {
      "accel": {
        "std_xyz": [
          0.0714292973279953,
          0.07741446793079376,
          0.07813581079244614
        ],
        "std_norm": 0.13115009665489197,
        "mean_xyz": [
          0.094627246260643,
          -3.765888214111328,
          6.426332950592041
        ],
        "ptp_xyz": [
          0.43589356541633606,
          0.49816417694091797,
          0.617915153503418
        ],
        "mean_norm": 7.449068546295166
      },
      "gyro": {
        "std_xyz_dps": [
          1.3921358585357666,
          1.2064483165740967,
          0.9388174414634705
        ],
        "std_norm_dps": 2.0675923903073588,
        "mean_xyz_dps": [
          5.503352642059326,
          4.566057205200195,
          -0.659146249294281
        ],
        "ptp_xyz_dps": [
          12.103657722473145,
          9.085366249084473,
          5.457316875457764
        ],
        "std_xyz_rads": [
          0.024297354742884636,
          0.02105649746954441,
          0.016385456547141075
        ]
      },
      "n_samples": 300
    },
    "s3": {
      "accel": {
        "std_xyz": [
          0.2043672800064087,
          0.16036047041416168,
          0.23365411162376404
        ],
        "std_norm": 0.3493933379650116,
        "mean_xyz": [
          3.080714225769043,
          2.756650686264038,
          8.178081512451172
        ],
        "ptp_xyz": [
          2.193838119506836,
          1.2358300685882568,
          3.1566362380981445
        ],
        "mean_norm": 9.163565635681152
      },
      "gyro": {
        "std_xyz_dps": [
          2.2327818870544434,
          2.9648396968841553,
          2.5231382846832275
        ],
        "std_norm_dps": 4.487963624359053,
        "mean_xyz_dps": [
          -1.5261178016662598,
          -0.21524383127689362,
          -0.356707364320755
        ],
        "ptp_xyz_dps": [
          21.95121955871582,
          33.506099700927734,
          18.65853500366211
        ],
        "std_xyz_rads": [
          0.03896939754486084,
          0.051746219396591187,
          0.044037073850631714
        ]
      },
      "n_samples": 300,
      "mag": {
        "std_xyz": [
          2.3365020751953125e-05,
          1.71661376953125e-05,
          0.000141143798828125
        ],
        "mean_xyz": [
          -7.800023555755615,
          30.89998435974121,
          54.299861907958984
        ],
        "mean_norm": 62.9612922668457
      }
    },
    "waveform_s3_az": [
      8.018526077270508,
      8.099956512451172,
      8.052056312561035,
      7.922724723815918,
      8.167016983032227,
      8.195756912231445,
      7.975415229797363,
      8.047266006469727,
      8.339458465576172,
      8.296347618103027,
      8.363408088684082,
      8.018526077270508,
      7.932304859161377,
      7.9370951652526855,
      7.965835094451904,
      8.157437324523926,
      8.34424877166748,
      8.329877853393555,
      8.459209442138672,
      8.071216583251953,
      8.095166206359863,
      8.147856712341309,
      8.171807289123535,
      7.975415229797363,
      8.339458465576172,
      8.205337524414062,
      8.171807289123535,
      7.9370951652526855,
      8.028105735778809,
      8.095166206359863,
      8.047266006469727,
      8.22449779510498,
      8.435258865356445,
      8.310718536376953,
      8.028105735778809,
      8.167016983032227,
      8.339458465576172,
      8.277188301086426,
      8.157437324523926,
      8.018526077270508,
      7.908354759216309,
      8.23886775970459,
      8.210126876831055,
      8.176596641540527,
      8.24844741821289,
      8.10474681854248,
      8.080796241760254,
      8.167016983032227,
      8.052056312561035,
      8.147856712341309,
      8.11911678314209,
      8.258028030395508,
      8.190967559814453,
      8.315507888793945,
      8.420888900756836,
      8.305928230285645,
      7.855664253234863,
      7.850874423980713,
      8.052056312561035,
      8.353828430175781,
      8.243657112121582,
      8.037686347961426,
      8.028105735778809,
      8.5023193359375,
      8.171807289123535,
      8.10474681854248,
      8.157437324523926,
      8.00894546508789,
      8.11911678314209,
      8.387358665466309,
      8.229287147521973,
      7.917934894561768,
      8.22449779510498,
      8.36819839477539,
      8.071216583251953,
      7.908354759216309,
      8.047266006469727,
      7.965835094451904,
      8.12869644165039,
      8.2628173828125,
      7.994575500488281,
      8.056845664978027,
      8.210126876831055,
      8.291558265686035,
      8.152647018432617,
      8.181386947631836,
      8.34424877166748,
      8.36819839477539,
      8.334668159484863,
      8.243657112121582,
      8.123906135559082,
      8.018526077270508,
      8.071216583251953,
      8.152647018432617,
      8.157437324523926,
      7.908354759216309,
      7.76465368270874,
      8.071216583251953,
      8.234077453613281,
      8.167016983032227
    ],